data_ora,rad,temperatura,elevazione
2023-02-17 04:43:48.172,6503,40.32,50
2023-02-17 04:43:48.382,6497,40.32,50
2023-02-17 04:43:48.590,6450,40.32,50
2023-02-17 04:43:48.798,6410,40.32,50
2023-02-17 04:43:49.006,6365,40.32,50
2023-02-17 04:43:49.212,6282,40.32,50
2023-02-17 04:43:49.388,6199,40.32,50
2023-02-17 04:43:49.598,6140,40.32,50
2023-02-17 04:43:49.805,6093,40.32,50
2023-02-17 04:43:50.014,6028,40.32,50
2023-02-17 04:43:50.217,5981,40.32,50
2023-02-17 04:43:50.418,5945,40.32,50
2023-02-17 04:43:50.622,5882,40.32,50
2023-02-17 04:43:50.831,5843,40.32,50
2023-02-17 04:43:51.040,5758,40.32,50
2023-02-17 04:43:51.244,5682,40.32,50
2023-02-17 04:43:51.449,5571,40.32,50
2023-02-17 04:43:51.657,5483,40.32,50
2023-02-17 04:43:51.878,5411,40.32,50
2023-02-17 04:43:52.094,5343,40.32,50
2023-02-17 04:43:52.301,5259,40.32,50
2023-02-17 04:43:52.507,5178,40.32,50
2023-02-17 04:43:52.718,5125,40.32,50
2023-02-17 04:43:52.926,5071,40.32,50
2023-02-17 04:43:53.134,5048,40.32,50
2023-02-17 04:43:53.327,5028,40.32,50
2023-02-17 04:43:53.529,4982,40.32,50
2023-02-17 04:43:53.728,4983,40.32,50
2023-02-17 04:43:53.934,4969,40.32,50
2023-02-17 04:43:54.143,4974,40.32,50
2023-02-17 04:43:54.346,4943,40.32,50
2023-02-17 04:43:54.547,4925,40.32,50
2023-02-17 04:43:54.752,4886,40.32,50
2023-02-17 04:43:54.960,4849,40.32,50
2023-02-17 04:43:55.169,4793,40.32,50
2023-02-17 04:43:55.376,4754,40.32,50
2023-02-17 04:43:55.579,4746,40.32,50
2023-02-17 04:43:55.798,4727,40.32,50
2023-02-17 04:43:56.015,4753,40.32,50
2023-02-17 04:43:56.225,4780,40.32,50
2023-02-17 04:43:56.433,4844,40.32,50
2023-02-17 04:43:56.637,4934,40.32,50
2023-02-17 04:43:56.849,5024,40.32,50
2023-02-17 04:43:57.058,5144,40.32,50
2023-02-17 04:43:57.266,5266,40.32,50
2023-02-17 04:43:57.441,5339,40.32,50
2023-02-17 04:43:57.645,5399,40.32,50
2023-02-17 04:43:57.858,5464,40.32,50
2023-02-17 04:43:58.066,5477,40.32,50
2023-02-17 04:43:58.274,5483,40.32,50
2023-02-17 04:43:58.473,5437,40.32,50
2023-02-17 04:43:58.669,5357,40.32,50
2023-02-17 04:43:58.881,5321,40.32,50
2023-02-17 04:43:59.089,5234,40.32,50
2023-02-17 04:43:59.298,5168,40.32,50
2023-02-17 04:43:59.506,5065,40.32,50
2023-02-17 04:43:59.711,5003,40.32,50
2023-02-17 04:43:59.934,4950,40.32,50
2023-02-17 04:44:00.140,4877,40.32,50
2023-02-17 04:44:00.355,4803,40.32,50
2023-02-17 04:44:00.563,4798,40.32,50
2023-02-17 04:44:00.771,4798,40.32,50
2023-02-17 04:44:00.979,4837,40.32,50
2023-02-17 04:44:01.188,4902,40.32,50
2023-02-17 04:44:01.364,5007,40.32,50
2023-02-17 04:44:01.572,5147,40.32,50
2023-02-17 04:44:01.776,5301,40.32,50
2023-02-17 04:44:01.988,5479,40.32,50
2023-02-17 04:44:02.196,5611,40.32,50
2023-02-17 04:44:02.402,5672,40.32,50
2023-02-17 04:44:02.602,5710,40.32,50
2023-02-17 04:44:02.799,5708,40.32,50
2023-02-17 04:44:03.012,5705,40.32,50
2023-02-17 04:44:03.220,5653,40.32,50
2023-02-17 04:44:03.428,5599,40.32,50
2023-02-17 04:44:03.636,5476,40.32,50
2023-02-17 04:44:03.854,5435,40.32,50
2023-02-17 04:44:04.083,5368,40.32,50
2023-02-17 04:44:04.277,5392,40.32,50
2023-02-17 04:44:04.485,5399,40.32,50
2023-02-17 04:44:04.694,5421,40.32,50
2023-02-17 04:44:04.895,5473,40.32,50
2023-02-17 04:44:05.109,5547,40.32,50
2023-02-17 04:44:05.316,5591,40.32,50
2023-02-17 04:44:05.493,5647,40.32,50
2023-02-17 04:44:05.701,5645,40.32,50
2023-02-17 04:44:05.902,5621,40.32,50
2023-02-17 04:44:06.118,5579,40.32,50
2023-02-17 04:44:06.325,5535,40.32,50
2023-02-17 04:44:06.528,5415,40.32,50
2023-02-17 04:44:06.725,5298,40.32,50
2023-02-17 04:44:06.928,5208,40.32,50
2023-02-17 04:44:07.142,5107,40.32,50
2023-02-17 04:44:07.349,4995,40.32,50
2023-02-17 04:44:07.558,4892,40.32,50
2023-02-17 04:44:07.773,4814,40.32,50
2023-02-17 04:44:07.983,4755,40.32,50
2023-02-17 04:44:08.198,4713,40.29,50
2023-02-17 04:44:08.407,4689,40.29,50
2023-02-17 04:44:08.615,4676,40.29,50
2023-02-17 04:44:08.821,4673,40.29,50
2023-02-17 04:44:09.028,4690,40.29,50
2023-02-17 04:44:09.239,4697,40.29,50
2023-02-17 04:44:09.415,4752,40.32,50
2023-02-17 04:44:09.622,4753,40.32,50
2023-02-17 04:44:09.832,4785,40.29,50
2023-02-17 04:44:10.035,4789,40.29,50
2023-02-17 04:44:10.248,4813,40.29,50
2023-02-17 04:44:10.454,4784,40.32,50
2023-02-17 04:44:10.653,4789,40.32,50
2023-02-17 04:44:10.857,4795,40.32,50
2023-02-17 04:44:11.060,4752,40.32,50
2023-02-17 04:44:11.273,4708,40.29,50
2023-02-17 04:44:11.481,4664,40.29,50
2023-02-17 04:44:11.693,4654,40.29,50
2023-02-17 04:44:11.911,4622,40.29,50
2023-02-17 04:44:12.116,4607,40.29,50
2023-02-17 04:44:12.329,4569,40.32,50
2023-02-17 04:44:12.538,4588,40.32,50
2023-02-17 04:44:12.746,4565,40.32,50
2023-02-17 04:44:12.954,4557,40.32,50
2023-02-17 04:44:13.157,4544,40.29,50
2023-02-17 04:44:13.337,4532,40.29,50
2023-02-17 04:44:13.546,4500,40.32,50
2023-02-17 04:44:13.753,4504,40.32,50
2023-02-17 04:44:13.960,4480,40.29,50
2023-02-17 04:44:14.168,4491,40.32,50
2023-02-17 04:44:14.378,4459,40.32,50
2023-02-17 04:44:14.580,4454,40.32,50
2023-02-17 04:44:14.778,4454,40.32,50
2023-02-17 04:44:14.987,4429,40.32,50
2023-02-17 04:44:15.194,4427,40.32,50
2023-02-17 04:44:15.401,4422,40.32,50
2023-02-17 04:44:15.614,4405,40.32,50
2023-02-17 04:44:15.832,4411,40.32,50
2023-02-17 04:44:16.042,4411,40.32,50
2023-02-17 04:44:16.246,4402,40.32,50
2023-02-17 04:44:16.459,4409,40.32,50
2023-02-17 04:44:16.668,4441,40.32,50
2023-02-17 04:44:16.876,4455,40.32,50
2023-02-17 04:44:17.082,4439,40.32,50
2023-02-17 04:44:17.289,4433,40.32,50
2023-02-17 04:44:17.467,4445,40.32,50
2023-02-17 04:44:17.676,4449,40.32,50
2023-02-17 04:44:17.883,4446,40.32,50
2023-02-17 04:44:18.091,4447,40.32,50
2023-02-17 04:44:18.298,4470,40.32,50
2023-02-17 04:44:18.508,4502,40.32,50
2023-02-17 04:44:18.708,4484,40.32,50
2023-02-17 04:44:18.907,4480,40.32,50
2023-02-17 04:44:19.131,4461,40.32,50
2023-02-17 04:44:19.322,4447,40.32,50
2023-02-17 04:44:19.530,4465,40.32,50
2023-02-17 04:44:19.752,4457,40.32,50
2023-02-17 04:44:19.965,4447,40.32,50
2023-02-17 04:44:20.173,4440,40.32,50
2023-02-17 04:44:20.378,4465,40.32,50
2023-02-17 04:44:20.590,4435,40.32,50
2023-02-17 04:44:20.798,4435,40.32,50
2023-02-17 04:44:21.005,4435,40.32,50
2023-02-17 04:44:21.213,4465,40.32,50
2023-02-17 04:44:21.388,4459,40.32,50
2023-02-17 04:44:21.597,4479,40.32,50
2023-02-17 04:44:21.804,4488,40.32,50
2023-02-17 04:44:22.014,4484,40.32,50
2023-02-17 04:44:22.221,4467,40.32,50
2023-02-17 04:44:22.423,4472,40.32,50
2023-02-17 04:44:22.634,4470,40.32,50
2023-02-17 04:44:22.834,4489,40.32,50
2023-02-17 04:44:23.038,4474,40.35,50
2023-02-17 04:44:23.244,4476,40.35,50
2023-02-17 04:44:23.458,4492,40.35,50
2023-02-17 04:44:23.673,4489,40.32,50
2023-02-17 04:44:23.885,4495,40.32,50
2023-02-17 04:44:24.094,4501,40.35,50
2023-02-17 04:44:24.303,4525,40.35,50
2023-02-17 04:44:24.507,4522,40.35,50
2023-02-17 04:44:24.719,4510,40.35,50
2023-02-17 04:44:24.927,4518,40.32,50
2023-02-17 04:44:25.135,4532,40.35,50
2023-02-17 04:44:25.311,4520,40.35,50
2023-02-17 04:44:25.517,4546,40.35,50
2023-02-17 04:44:25.726,4534,40.35,50
2023-02-17 04:44:25.950,4546,40.35,50
2023-02-17 04:44:26.143,4548,40.35,50
2023-02-17 04:44:26.350,4559,40.35,50
2023-02-17 04:44:26.558,4573,40.35,50
2023-02-17 04:44:26.760,4570,40.35,50
2023-02-17 04:44:26.960,4562,40.35,50
2023-02-17 04:44:27.169,4566,40.35,50
2023-02-17 04:44:27.377,4574,40.35,50
2023-02-17 04:44:27.596,4559,40.35,50
2023-02-17 04:44:27.808,4563,40.35,50
2023-02-17 04:44:28.017,4572,40.35,50
2023-02-17 04:44:28.225,4573,40.35,50
2023-02-17 04:44:28.433,4568,40.35,50
2023-02-17 04:44:28.636,4559,40.35,50
2023-02-17 04:44:28.850,4547,40.35,50
2023-02-17 04:44:29.058,4552,40.35,50
2023-02-17 04:44:29.232,4522,40.35,50
2023-02-17 04:44:29.442,4501,40.35,50
2023-02-17 04:44:29.648,4521,40.35,50
2023-02-17 04:44:29.858,4519,40.35,50
2023-02-17 04:44:30.066,4507,40.35,50
2023-02-17 04:44:30.275,4465,40.32,50
2023-02-17 04:44:30.483,4448,40.35,50
2023-02-17 04:44:30.686,4449,40.35,50
2023-02-17 04:44:30.887,4418,40.35,50
2023-02-17 04:44:31.090,4406,40.35,50
2023-02-17 04:44:31.307,4419,40.32,50
2023-02-17 04:44:31.523,4389,40.32,50
2023-02-17 04:44:31.727,4403,40.32,50
2023-02-17 04:44:31.939,4406,40.32,50
2023-02-17 04:44:32.147,4428,40.32,50
2023-02-17 04:44:32.355,4417,40.32,50
2023-02-17 04:44:32.563,4433,40.32,50
2023-02-17 04:44:32.770,4437,40.32,50
2023-02-17 04:44:32.979,4458,40.32,50
2023-02-17 04:44:33.199,4442,40.32,50
2023-02-17 04:44:33.364,4446,40.35,50
2023-02-17 04:44:33.572,4448,40.35,50
2023-02-17 04:44:33.781,4467,40.35,50
2023-02-17 04:44:33.988,4452,40.35,50
2023-02-17 04:44:34.196,4454,40.35,50
2023-02-17 04:44:34.405,4454,40.35,50
2023-02-17 04:44:34.611,4424,40.35,50
2023-02-17 04:44:34.814,4414,40.35,50
2023-02-17 04:44:35.012,4437,40.35,50
2023-02-17 04:44:35.226,4465,40.35,50
2023-02-17 04:44:35.441,4451,40.35,50
2023-02-17 04:44:35.651,4467,40.35,50
2023-02-17 04:44:35.859,4447,40.35,50
2023-02-17 04:44:36.069,4429,40.35,50
2023-02-17 04:44:36.276,4437,40.35,50
2023-02-17 04:44:36.484,4430,40.35,50
2023-02-17 04:44:36.693,4420,40.35,50
2023-02-17 04:44:36.900,4444,40.35,50
2023-02-17 04:44:37.120,4438,40.35,50
2023-02-17 04:44:37.283,4421,40.35,50
2023-02-17 04:44:37.493,4419,40.35,50
2023-02-17 04:44:37.702,4447,40.35,50
2023-02-17 04:44:37.908,4417,40.35,50
2023-02-17 04:44:38.117,4460,40.35,50
2023-02-17 04:44:38.324,4469,40.38,50
2023-02-17 04:44:38.532,4455,40.38,50
2023-02-17 04:44:38.740,4450,40.38,50
2023-02-17 04:44:38.940,4461,40.38,50
2023-02-17 04:44:39.147,4454,40.38,50
2023-02-17 04:44:39.367,4447,40.38,50
2023-02-17 04:44:39.575,4481,40.38,50
2023-02-17 04:44:39.783,4502,40.38,50
2023-02-17 04:44:39.990,4502,40.35,50
2023-02-17 04:44:40.199,4513,40.35,50
2023-02-17 04:44:40.408,4500,40.35,50
2023-02-17 04:44:40.615,4488,40.38,50
2023-02-17 04:44:40.823,4480,40.38,50
2023-02-17 04:44:41.044,4494,40.38,50
2023-02-17 04:44:41.207,4454,40.38,50
2023-02-17 04:44:41.415,4459,40.35,50
2023-02-17 04:44:41.624,4461,40.35,50
2023-02-17 04:44:41.832,4481,40.38,50
2023-02-17 04:44:42.038,4494,40.38,50
2023-02-17 04:44:42.248,4466,40.35,50
2023-02-17 04:44:42.456,4495,40.38,50
2023-02-17 04:44:42.664,4489,40.35,50
2023-02-17 04:44:42.867,4482,40.35,50
2023-02-17 04:44:43.072,4470,40.35,50
2023-02-17 04:44:43.287,4480,40.38,50
2023-02-17 04:44:43.494,4491,40.38,50
2023-02-17 04:44:43.706,4477,40.38,50
2023-02-17 04:44:43.913,4489,40.38,50
2023-02-17 04:44:44.122,4472,40.38,50
2023-02-17 04:44:44.344,4496,40.38,50
2023-02-17 04:44:44.538,4469,40.38,50
2023-02-17 04:44:44.749,4439,40.38,50
2023-02-17 04:44:44.967,4435,40.38,50
2023-02-17 04:44:45.128,4450,40.38,50
2023-02-17 04:44:45.335,4477,40.38,50
2023-02-17 04:44:45.544,4469,40.38,50
2023-02-17 04:44:45.752,4473,40.38,50
2023-02-17 04:44:45.962,4482,40.38,50
2023-02-17 04:44:46.171,4508,40.38,50
2023-02-17 04:44:46.378,4510,40.38,50
2023-02-17 04:44:46.586,4508,40.38,50
2023-02-17 04:44:46.794,4522,40.38,50
2023-02-17 04:44:46.995,4525,40.35,50
2023-02-17 04:44:47.209,4524,40.35,50
2023-02-17 04:44:47.413,4521,40.35,50
2023-02-17 04:44:47.627,4496,40.35,50
2023-02-17 04:44:47.834,4505,40.35,50
2023-02-17 04:44:48.042,4488,40.35,50
2023-02-17 04:44:48.249,4502,40.35,50
2023-02-17 04:44:48.458,4493,40.38,50
2023-02-17 04:44:48.675,4481,40.35,50
2023-02-17 04:44:48.891,4503,40.35,50
2023-02-17 04:44:49.099,4487,40.35,50
2023-02-17 04:44:49.259,4501,40.35,50
2023-02-17 04:44:49.467,4493,40.35,50
2023-02-17 04:44:49.675,4494,40.35,50
2023-02-17 04:44:49.884,4473,40.38,50
2023-02-17 04:44:50.092,4476,40.35,50
2023-02-17 04:44:50.299,4478,40.35,50
2023-02-17 04:44:50.501,4448,40.38,50
2023-02-17 04:44:50.715,4451,40.38,50
2023-02-17 04:44:50.922,4440,40.38,50
2023-02-17 04:44:51.131,4446,40.38,50
2023-02-17 04:44:51.338,4424,40.38,50
2023-02-17 04:44:51.561,4436,40.38,50
2023-02-17 04:44:51.772,4436,40.38,50
2023-02-17 04:44:51.964,4429,40.38,50
2023-02-17 04:44:52.172,4444,40.38,50
2023-02-17 04:44:52.380,4433,40.38,50
2023-02-17 04:44:52.597,4440,40.38,50
2023-02-17 04:44:52.812,4460,40.38,50
2023-02-17 04:44:53.020,4468,40.38,50
2023-02-17 04:44:53.186,4479,40.38,50
2023-02-17 04:44:53.388,4500,40.38,50
2023-02-17 04:44:53.593,4524,40.38,50
2023-02-17 04:44:53.805,4497,40.38,50
2023-02-17 04:44:54.014,4537,40.38,50
2023-02-17 04:44:54.221,4517,40.38,50
2023-02-17 04:44:54.429,4516,40.38,50
2023-02-17 04:44:54.631,4509,40.38,50
2023-02-17 04:44:54.844,4513,40.38,50
2023-02-17 04:44:55.053,4505,40.38,50
2023-02-17 04:44:55.261,4494,40.38,50
2023-02-17 04:44:55.468,4479,40.38,50
2023-02-17 04:44:55.675,4467,40.38,50
2023-02-17 04:44:55.884,4484,40.38,50
2023-02-17 04:44:56.093,4470,40.38,50
2023-02-17 04:44:56.302,4469,40.38,50
2023-02-17 04:44:56.517,4465,40.38,50
2023-02-17 04:44:56.734,4472,40.38,50
2023-02-17 04:44:56.942,4459,40.38,50
2023-02-17 04:44:57.115,4456,40.38,50
2023-02-17 04:44:57.314,4435,40.38,50
2023-02-17 04:44:57.518,4430,40.38,50
2023-02-17 04:44:57.721,4429,40.38,50
2023-02-17 04:44:57.935,4430,40.38,50
2023-02-17 04:44:58.143,4432,40.38,50
2023-02-17 04:44:58.351,4439,40.38,50
2023-02-17 04:44:58.557,4433,40.38,50
2023-02-17 04:44:58.761,4462,40.38,50
2023-02-17 04:44:58.974,4435,40.38,50
2023-02-17 04:44:59.183,4468,40.38,50
2023-02-17 04:44:59.392,4464,40.38,50
2023-02-17 04:44:59.600,4459,40.38,50
2023-02-17 04:44:59.804,4451,40.38,50
2023-02-17 04:45:00.016,4469,40.38,50
2023-02-17 04:45:00.224,4490,40.38,50
2023-02-17 04:45:00.438,4482,40.38,50
2023-02-17 04:45:00.656,4484,40.38,50
2023-02-17 04:45:00.857,4481,40.38,50
2023-02-17 04:45:01.040,4455,40.38,50
2023-02-17 04:45:01.242,4432,40.38,50
2023-02-17 04:45:01.440,4440,40.38,50
2023-02-17 04:45:01.648,4448,40.38,50
2023-02-17 04:45:01.851,4434,40.38,50
2023-02-17 04:45:02.064,4440,40.38,50
2023-02-17 04:45:02.273,4435,40.38,50
2023-02-17 04:45:02.481,4447,40.38,50
2023-02-17 04:45:02.689,4452,40.38,50
2023-02-17 04:45:02.894,4452,40.38,50
2023-02-17 04:45:03.104,4454,40.38,50
2023-02-17 04:45:03.314,4459,40.38,50
2023-02-17 04:45:03.520,4440,40.38,50
2023-02-17 04:45:03.730,4469,40.38,50
2023-02-17 04:45:03.931,4437,40.38,50
2023-02-17 04:45:04.147,4430,40.38,50
2023-02-17 04:45:04.364,4432,40.38,50
2023-02-17 04:45:04.576,4439,40.38,50
2023-02-17 04:45:04.787,4419,40.38,50
2023-02-17 04:45:04.988,4426,40.38,50
2023-02-17 04:45:05.169,4428,40.38,50
2023-02-17 04:45:05.368,4419,40.38,50
2023-02-17 04:45:05.568,4408,40.38,50
2023-02-17 04:45:05.778,4396,40.38,50
2023-02-17 04:45:05.984,4391,40.38,50
2023-02-17 04:45:06.194,4395,40.38,50
2023-02-17 04:45:06.400,4419,40.38,50
2023-02-17 04:45:06.610,4414,40.38,50
2023-02-17 04:45:06.818,4426,40.38,50
2023-02-17 04:45:07.020,4440,40.38,50
2023-02-17 04:45:07.235,4461,40.38,50
2023-02-17 04:45:07.443,4464,40.38,50
2023-02-17 04:45:07.650,4495,40.38,50
2023-02-17 04:45:07.857,4482,40.38,50
2023-02-17 04:45:08.070,4496,40.38,50
2023-02-17 04:45:08.291,4503,40.38,50
2023-02-17 04:45:08.498,4503,40.38,50
2023-02-17 04:45:08.707,4507,40.38,50
2023-02-17 04:45:08.915,4456,40.38,50
2023-02-17 04:45:09.087,4483,40.38,50
2023-02-17 04:45:09.314,4475,40.38,50
2023-02-17 04:45:09.507,4476,40.38,50
2023-02-17 04:45:09.715,4473,40.38,50
2023-02-17 04:45:09.907,4461,40.38,50
2023-02-17 04:45:10.109,4440,40.38,50
2023-02-17 04:45:10.325,4480,40.38,50
2023-02-17 04:45:10.533,4475,40.38,50
2023-02-17 04:45:10.740,4476,40.38,50
2023-02-17 04:45:10.948,4490,40.38,50
2023-02-17 04:45:11.150,4487,40.38,50
2023-02-17 04:45:11.364,4488,40.35,50
2023-02-17 04:45:11.586,4486,40.35,50
2023-02-17 04:45:11.780,4474,40.35,50
2023-02-17 04:45:11.994,4480,40.35,50
2023-02-17 04:45:12.206,4492,40.35,50
2023-02-17 04:45:12.421,4476,40.35,50
2023-02-17 04:45:12.629,4479,40.35,50
2023-02-17 04:45:12.838,4467,40.35,50
2023-02-17 04:45:13.014,4493,40.35,50
2023-02-17 04:45:13.219,4491,40.35,50
2023-02-17 04:45:13.425,4496,40.35,50
2023-02-17 04:45:13.625,4499,40.35,50
2023-02-17 04:45:13.828,4515,40.35,50
2023-02-17 04:45:14.036,4519,40.35,50
2023-02-17 04:45:14.244,4524,40.35,50
2023-02-17 04:45:14.453,4511,40.35,50
2023-02-17 04:45:14.662,4507,40.35,50
2023-02-17 04:45:14.871,4487,40.35,50
2023-02-17 04:45:15.079,4506,40.35,50
2023-02-17 04:45:15.283,4469,40.35,50
2023-02-17 04:45:15.495,4454,40.35,50
2023-02-17 04:45:15.703,4460,40.35,50
2023-02-17 04:45:15.915,4459,40.35,50
2023-02-17 04:45:16.133,4466,40.35,50
2023-02-17 04:45:16.337,4438,40.35,50
2023-02-17 04:45:16.551,4466,40.35,50
2023-02-17 04:45:16.760,4476,40.35,50
2023-02-17 04:45:16.936,4477,40.35,50
2023-02-17 04:45:17.141,4468,40.35,50
2023-02-17 04:45:17.352,4466,40.35,50
2023-02-17 04:45:17.552,4473,40.35,50
2023-02-17 04:45:17.753,4449,40.32,50
2023-02-17 04:45:17.961,4440,40.32,50
2023-02-17 04:45:18.168,4434,40.35,50
2023-02-17 04:45:18.375,4446,40.35,50
2023-02-17 04:45:18.584,4436,40.35,50
2023-02-17 04:45:18.791,4473,40.32,50
2023-02-17 04:45:19.001,4465,40.35,50
2023-02-17 04:45:19.209,4466,40.32,50
2023-02-17 04:45:19.415,4464,40.32,50
2023-02-17 04:45:19.625,4430,40.32,50
2023-02-17 04:45:19.839,4446,40.32,50
2023-02-17 04:45:20.056,4465,40.32,50
2023-02-17 04:45:20.264,4477,40.32,50
2023-02-17 04:45:20.470,4472,40.32,50
2023-02-17 04:45:20.681,4466,40.32,50
2023-02-17 04:45:20.889,4458,40.32,50
2023-02-17 04:45:21.065,4461,40.32,50
2023-02-17 04:45:21.272,4460,40.32,50
2023-02-17 04:45:21.477,4462,40.32,50
2023-02-17 04:45:21.679,4459,40.32,50
2023-02-17 04:45:21.880,4471,40.32,50
2023-02-17 04:45:22.103,4467,40.32,50
2023-02-17 04:45:22.297,4462,40.32,50
2023-02-17 04:45:22.504,4486,40.32,50
2023-02-17 04:45:22.713,4474,40.32,50
2023-02-17 04:45:22.923,4468,40.32,50
2023-02-17 04:45:23.144,4486,40.32,50
2023-02-17 04:45:23.354,4486,40.32,50
2023-02-17 04:45:23.543,4488,40.32,50
2023-02-17 04:45:23.764,4482,40.29,50
2023-02-17 04:45:23.979,4484,40.32,50
2023-02-17 04:45:24.187,4490,40.32,50
2023-02-17 04:45:24.395,4469,40.32,50
2023-02-17 04:45:24.599,4458,40.32,50
2023-02-17 04:45:24.811,4464,40.32,50
2023-02-17 04:45:24.986,4465,40.32,50
2023-02-17 04:45:25.195,4445,40.32,50
2023-02-17 04:45:25.404,4445,40.32,50
2023-02-17 04:45:25.603,4436,40.32,50
2023-02-17 04:45:25.802,4435,40.32,50
2023-02-17 04:45:26.011,4421,40.32,50
2023-02-17 04:45:26.219,4426,40.32,50
2023-02-17 04:45:26.428,4418,40.32,50
2023-02-17 04:45:26.632,4434,40.32,50
2023-02-17 04:45:26.844,4439,40.32,50
2023-02-17 04:45:27.053,4433,40.32,50
2023-02-17 04:45:27.261,4432,40.32,50
2023-02-17 04:45:27.469,4448,40.32,50
2023-02-17 04:45:27.682,4440,40.32,50
2023-02-17 04:45:27.901,4423,40.32,50
2023-02-17 04:45:28.109,4445,40.32,50
2023-02-17 04:45:28.317,4457,40.32,50
2023-02-17 04:45:28.525,4463,40.32,50
2023-02-17 04:45:28.727,4477,40.32,50
2023-02-17 04:45:28.909,4470,40.32,50
2023-02-17 04:45:29.116,4464,40.32,50
2023-02-17 04:45:29.325,4464,40.32,50
2023-02-17 04:45:29.533,4473,40.32,50
2023-02-17 04:45:29.732,4457,40.32,50
2023-02-17 04:45:29.934,4473,40.32,50
2023-02-17 04:45:30.141,4467,40.32,50
2023-02-17 04:45:30.350,4469,40.32,50
2023-02-17 04:45:30.559,4440,40.32,50
2023-02-17 04:45:30.764,4472,40.32,50
2023-02-17 04:45:30.973,4448,40.32,50
2023-02-17 04:45:31.183,4464,40.29,50
2023-02-17 04:45:31.391,4443,40.29,50
2023-02-17 04:45:31.606,4447,40.32,50
2023-02-17 04:45:31.820,4422,40.32,50
2023-02-17 04:45:32.030,4433,40.32,50
2023-02-17 04:45:32.238,4443,40.32,50
2023-02-17 04:45:32.448,4459,40.32,50
2023-02-17 04:45:32.656,4462,40.32,50
2023-02-17 04:45:32.832,4474,40.32,50
2023-02-17 04:45:33.040,4450,40.32,50
2023-02-17 04:45:33.247,4460,40.32,50
2023-02-17 04:45:33.456,4456,40.32,50
2023-02-17 04:45:33.657,4482,40.32,50
2023-02-17 04:45:33.857,4471,40.32,50
2023-02-17 04:45:34.066,4475,40.32,50
2023-02-17 04:45:34.273,4467,40.32,50
2023-02-17 04:45:34.497,4499,40.32,50
2023-02-17 04:45:34.686,4508,40.32,50
2023-02-17 04:45:34.911,4504,40.32,50
2023-02-17 04:45:35.120,4516,40.32,50
2023-02-17 04:45:35.311,4522,40.32,50
2023-02-17 04:45:35.528,4537,40.32,50
2023-02-17 04:45:35.744,4528,40.32,50
2023-02-17 04:45:35.951,4519,40.32,50
2023-02-17 04:45:36.161,4527,40.32,50
2023-02-17 04:45:36.369,4525,40.32,50
2023-02-17 04:45:36.577,4511,40.32,50
2023-02-17 04:45:36.753,4511,40.32,50
2023-02-17 04:45:36.961,4518,40.32,50
2023-02-17 04:45:37.169,4502,40.32,50
2023-02-17 04:45:37.378,4506,40.32,50
2023-02-17 04:45:37.586,4488,40.32,50
2023-02-17 04:45:37.784,4501,40.32,50
2023-02-17 04:45:37.986,4510,40.32,50
2023-02-17 04:45:38.194,4488,40.32,50
2023-02-17 04:45:38.401,4474,40.32,50
2023-02-17 04:45:38.610,4483,40.29,50
2023-02-17 04:45:38.818,4494,40.29,50
2023-02-17 04:45:39.026,4493,40.29,50
2023-02-17 04:45:39.237,4473,40.29,50
2023-02-17 04:45:39.455,4476,40.29,50
2023-02-17 04:45:39.666,4479,40.29,50
2023-02-17 04:45:39.875,4484,40.29,50
2023-02-17 04:45:40.082,4487,40.32,50
2023-02-17 04:45:40.291,4505,40.32,50
2023-02-17 04:45:40.499,4502,40.32,50
2023-02-17 04:45:40.707,4505,40.32,50
2023-02-17 04:45:40.883,4513,40.32,50
2023-02-17 04:45:41.091,4531,40.32,50
2023-02-17 04:45:41.298,4518,40.32,50
2023-02-17 04:45:41.506,4517,40.32,50
2023-02-17 04:45:41.708,4483,40.32,50
2023-02-17 04:45:41.913,4506,40.32,50
2023-02-17 04:45:42.115,4494,40.32,50
2023-02-17 04:45:42.323,4501,40.32,50
2023-02-17 04:45:42.531,4487,40.32,50
2023-02-17 04:45:42.738,4484,40.32,50
2023-02-17 04:45:42.946,4499,40.32,50
2023-02-17 04:45:43.162,4487,40.32,50
2023-02-17 04:45:43.378,4477,40.32,50
2023-02-17 04:45:43.587,4471,40.32,50
2023-02-17 04:45:43.796,4487,40.32,50
2023-02-17 04:45:44.002,4502,40.32,50
2023-02-17 04:45:44.211,4519,40.32,50
2023-02-17 04:45:44.419,4499,40.29,50
2023-02-17 04:45:44.629,4496,40.29,50
2023-02-17 04:45:44.819,4494,40.29,50
2023-02-17 04:45:45.028,4489,40.32,50
2023-02-17 04:45:45.250,4499,40.32,50
2023-02-17 04:45:45.427,4492,40.32,50
2023-02-17 04:45:45.637,4484,40.32,50
2023-02-17 04:45:45.843,4504,40.32,50
2023-02-17 04:45:46.045,4524,40.32,50
2023-02-17 04:45:46.245,4529,40.32,50
2023-02-17 04:45:46.453,4506,40.32,50
2023-02-17 04:45:46.661,4504,40.32,50
2023-02-17 04:45:46.869,4494,40.32,50
2023-02-17 04:45:47.088,4493,40.32,50
2023-02-17 04:45:47.301,4498,40.32,50
2023-02-17 04:45:47.509,4474,40.32,50
2023-02-17 04:45:47.717,4474,40.32,50
2023-02-17 04:45:47.926,4454,40.32,50
2023-02-17 04:45:48.134,4454,40.32,50
2023-02-17 04:45:48.342,4445,40.32,50
2023-02-17 04:45:48.550,4432,40.32,50
2023-02-17 04:45:48.725,4450,40.32,50
2023-02-17 04:45:48.934,4458,40.32,50
2023-02-17 04:45:49.141,4462,40.32,50
2023-02-17 04:45:49.349,4456,40.32,50
2023-02-17 04:45:49.557,4458,40.32,50
2023-02-17 04:45:49.766,4461,40.32,50
2023-02-17 04:45:49.972,4465,40.32,50
2023-02-17 04:45:50.171,4477,40.32,50
2023-02-17 04:45:50.374,4481,40.32,50
2023-02-17 04:45:50.582,4469,40.32,50
2023-02-17 04:45:50.790,4463,40.32,50
2023-02-17 04:45:51.009,4470,40.32,50
2023-02-17 04:45:51.222,4485,40.32,50
2023-02-17 04:45:51.431,4472,40.32,50
2023-02-17 04:45:51.639,4471,40.32,50
2023-02-17 04:45:51.844,4486,40.32,50
2023-02-17 04:45:52.055,4508,40.32,50
2023-02-17 04:45:52.262,4511,40.32,50
2023-02-17 04:45:52.470,4505,40.32,50
2023-02-17 04:45:52.647,4514,40.32,50
2023-02-17 04:45:52.855,4529,40.32,50
2023-02-17 04:45:53.063,4537,40.32,50
2023-02-17 04:45:53.271,4522,40.32,50
2023-02-17 04:45:53.478,4533,40.32,50
2023-02-17 04:45:53.688,4541,40.32,50
2023-02-17 04:45:53.894,4571,40.32,50
2023-02-17 04:45:54.099,4566,40.35,50
2023-02-17 04:45:54.299,4581,40.35,50
2023-02-17 04:45:54.503,4572,40.35,50
2023-02-17 04:45:54.709,4584,40.35,50
2023-02-17 04:45:54.931,4571,40.35,50
2023-02-17 04:45:55.143,4573,40.35,50
2023-02-17 04:45:55.352,4537,40.35,50
2023-02-17 04:45:55.559,4515,40.35,50
2023-02-17 04:45:55.769,4546,40.35,50
2023-02-17 04:45:55.991,4525,40.35,50
2023-02-17 04:45:56.184,4524,40.35,50
2023-02-17 04:45:56.393,4515,40.35,50
2023-02-17 04:45:56.612,4506,40.35,50
2023-02-17 04:45:56.774,4511,40.35,50
2023-02-17 04:45:56.983,4510,40.35,50
2023-02-17 04:45:57.193,4497,40.35,50
2023-02-17 04:45:57.401,4501,40.35,50
2023-02-17 04:45:57.609,4501,40.35,50
2023-02-17 04:45:57.831,4500,40.35,50
2023-02-17 04:45:58.024,4516,40.35,50
2023-02-17 04:45:58.229,4489,40.35,50
2023-02-17 04:45:58.426,4487,40.35,50
2023-02-17 04:45:58.642,4486,40.35,50
2023-02-17 04:45:58.858,4472,40.35,50
2023-02-17 04:45:59.065,4432,40.35,50
2023-02-17 04:45:59.274,4450,40.35,50
2023-02-17 04:45:59.482,4426,40.35,50
2023-02-17 04:45:59.690,4433,40.35,50
2023-02-17 04:45:59.898,4417,40.35,50
2023-02-17 04:46:00.101,4399,40.35,50
2023-02-17 04:46:00.320,4413,40.35,50
2023-02-17 04:46:00.539,4408,40.35,50
2023-02-17 04:46:00.700,4414,40.35,50
2023-02-17 04:46:00.903,4413,40.35,50
2023-02-17 04:46:01.115,4430,40.35,50
2023-02-17 04:46:01.323,4427,40.35,50
2023-02-17 04:46:01.531,4438,40.35,50
2023-02-17 04:46:01.739,4445,40.35,50
2023-02-17 04:46:01.947,4445,40.38,50
2023-02-17 04:46:02.155,4449,40.38,50
2023-02-17 04:46:02.357,4463,40.38,50
2023-02-17 04:46:02.568,4442,40.38,50
2023-02-17 04:46:02.780,4447,40.38,50
2023-02-17 04:46:02.986,4432,40.38,50
2023-02-17 04:46:03.196,4431,40.38,50
2023-02-17 04:46:03.403,4444,40.38,50
2023-02-17 04:46:03.612,4437,40.38,50
2023-02-17 04:46:03.821,4423,40.38,50
2023-02-17 04:46:04.028,4450,40.38,50
2023-02-17 04:46:04.248,4436,40.38,50
2023-02-17 04:46:04.460,4440,40.38,50
2023-02-17 04:46:04.620,4435,40.38,50
2023-02-17 04:46:04.828,4447,40.38,50
2023-02-17 04:46:05.036,4430,40.38,50
2023-02-17 04:46:05.243,4427,40.38,50
2023-02-17 04:46:05.452,4462,40.38,50
2023-02-17 04:46:05.660,4455,40.38,50
2023-02-17 04:46:05.869,4442,40.38,50
2023-02-17 04:46:06.076,4434,40.38,50
2023-02-17 04:46:06.281,4427,40.38,50
2023-02-17 04:46:06.493,4445,40.38,50
2023-02-17 04:46:06.701,4441,40.38,50
2023-02-17 04:46:06.910,4441,40.38,50
2023-02-17 04:46:07.117,4432,40.38,50
2023-02-17 04:46:07.325,4440,40.38,50
2023-02-17 04:46:07.534,4434,40.38,50
2023-02-17 04:46:07.741,4411,40.38,50
2023-02-17 04:46:07.950,4430,40.38,50
2023-02-17 04:46:08.171,4414,40.38,50
2023-02-17 04:46:08.383,4414,40.38,50
2023-02-17 04:46:08.545,4423,40.38,50
2023-02-17 04:46:08.751,4411,40.38,50
2023-02-17 04:46:08.958,4435,40.38,50
2023-02-17 04:46:09.166,4448,40.38,50
2023-02-17 04:46:09.374,4439,40.38,50
2023-02-17 04:46:09.583,4441,40.38,50
2023-02-17 04:46:09.791,4457,40.38,50
2023-02-17 04:46:09.997,4490,40.38,50
2023-02-17 04:46:10.207,4498,40.38,50
2023-02-17 04:46:10.416,4499,40.38,50
2023-02-17 04:46:10.623,4489,40.38,50
2023-02-17 04:46:10.830,4508,40.38,50
2023-02-17 04:46:11.038,4494,40.38,50
2023-02-17 04:46:11.246,4492,40.38,50
2023-02-17 04:46:11.455,4495,40.38,50
2023-02-17 04:46:11.663,4493,40.38,50
2023-02-17 04:46:11.887,4534,40.38,50
2023-02-17 04:46:12.096,4553,40.38,50
2023-02-17 04:46:12.297,4580,40.38,50
2023-02-17 04:46:12.473,4614,40.38,50
2023-02-17 04:46:12.666,4667,40.38,50
2023-02-17 04:46:12.880,4701,40.35,50
2023-02-17 04:46:13.089,4760,40.35,50
2023-02-17 04:46:13.290,4807,40.35,50
2023-02-17 04:46:13.505,4797,40.38,50
2023-02-17 04:46:13.713,4806,40.35,50
2023-02-17 04:46:13.920,4789,40.35,50
2023-02-17 04:46:14.130,4750,40.38,50
2023-02-17 04:46:14.334,4680,40.38,50
2023-02-17 04:46:14.545,4634,40.38,50
2023-02-17 04:46:14.753,4582,40.38,50
2023-02-17 04:46:14.959,4547,40.38,50
2023-02-17 04:46:15.170,4542,40.38,50
2023-02-17 04:46:15.378,4526,40.38,50
2023-02-17 04:46:15.586,4534,40.38,50
2023-02-17 04:46:15.799,4594,40.38,50
2023-02-17 04:46:16.015,4652,40.38,50
2023-02-17 04:46:16.226,4736,40.38,50
2023-02-17 04:46:16.400,4797,40.38,50
2023-02-17 04:46:16.600,4857,40.38,50
2023-02-17 04:46:16.803,4916,40.38,50
2023-02-17 04:46:17.011,5007,40.38,50
2023-02-17 04:46:17.220,5083,40.38,50
2023-02-17 04:46:17.424,5182,40.38,50
2023-02-17 04:46:17.635,5277,40.38,50
2023-02-17 04:46:17.843,5407,40.38,50
2023-02-17 04:46:18.051,5501,40.38,50
2023-02-17 04:46:18.258,5559,40.38,50
2023-02-17 04:46:18.464,5546,40.38,50
2023-02-17 04:46:18.674,5441,40.38,50
2023-02-17 04:46:18.884,5277,40.38,50
2023-02-17 04:46:19.091,5073,40.35,50
2023-02-17 04:46:19.300,4820,40.35,50
2023-02-17 04:46:19.507,4650,40.35,50
2023-02-17 04:46:19.720,4577,40.35,50
2023-02-17 04:46:19.939,4636,40.38,50
2023-02-17 04:46:20.146,4888,40.35,50
2023-02-17 04:46:20.356,5225,40.35,50
2023-02-17 04:46:20.525,5622,40.35,50
2023-02-17 04:46:20.727,5957,40.38,50
2023-02-17 04:46:20.946,6212,40.38,50
2023-02-17 04:46:21.140,6289,40.38,50
2023-02-17 04:46:21.348,6214,40.38,50
2023-02-17 04:46:21.556,6003,40.38,50
2023-02-17 04:46:21.764,5692,40.38,50
2023-02-17 04:46:21.972,5395,40.38,50
2023-02-17 04:46:22.180,5183,40.38,50
2023-02-17 04:46:22.389,5094,40.38,50
2023-02-17 04:46:22.596,5124,40.38,50
2023-02-17 04:46:22.805,5260,40.38,50
2023-02-17 04:46:23.014,5466,40.38,50
2023-02-17 04:46:23.222,5617,40.38,50
2023-02-17 04:46:23.429,5689,40.38,50
2023-02-17 04:46:23.638,5629,40.35,50
2023-02-17 04:46:23.854,5509,40.35,50
2023-02-17 04:46:24.071,5354,40.35,50
2023-02-17 04:46:24.279,5247,40.35,50
2023-02-17 04:46:24.455,5291,40.35,50
2023-02-17 04:46:24.653,5457,40.35,50
2023-02-17 04:46:24.871,5784,40.38,50
2023-02-17 04:46:25.079,6172,40.38,50
2023-02-17 04:46:25.286,6549,40.35,50
2023-02-17 04:46:25.479,6847,40.35,50
2023-02-17 04:46:25.685,7008,40.35,50
2023-02-17 04:46:25.895,6986,40.35,50
2023-02-17 04:46:26.099,6809,40.35,50
2023-02-17 04:46:26.311,6440,40.35,50
2023-02-17 04:46:26.518,6010,40.35,50
2023-02-17 04:46:26.727,5537,40.35,50
2023-02-17 04:46:26.935,5156,40.35,50
2023-02-17 04:46:27.143,4853,40.35,50
2023-02-17 04:46:27.352,4681,40.35,50
2023-02-17 04:46:27.560,4661,40.35,50
2023-02-17 04:46:27.771,4745,40.38,50
2023-02-17 04:46:27.990,4926,40.35,50
2023-02-17 04:46:28.198,5117,40.38,50
2023-02-17 04:46:28.407,5283,40.35,50
2023-02-17 04:46:28.581,5403,40.35,50
2023-02-17 04:46:28.780,5455,40.35,50
2023-02-17 04:46:28.984,5477,40.35,50
2023-02-17 04:46:29.192,5445,40.35,50
2023-02-17 04:46:29.401,5372,40.35,50
2023-02-17 04:46:29.609,5273,40.35,50
2023-02-17 04:46:29.817,5131,40.35,50
2023-02-17 04:46:30.023,5016,40.35,50
2023-02-17 04:46:30.233,4906,40.35,50
2023-02-17 04:46:30.441,4805,40.35,50
2023-02-17 04:46:30.649,4715,40.35,50
2023-02-17 04:46:30.856,4676,40.35,50
2023-02-17 04:46:31.066,4604,40.35,50
2023-02-17 04:46:31.274,4581,40.35,50
2023-02-17 04:46:31.482,4547,40.35,50
2023-02-17 04:46:31.690,4553,40.35,50
2023-02-17 04:46:31.910,4529,40.35,50
2023-02-17 04:46:32.122,4491,40.35,50
2023-02-17 04:46:32.331,4512,40.35,50
2023-02-17 04:46:32.507,4469,40.35,50
2023-02-17 04:46:32.707,4451,40.35,50
2023-02-17 04:46:32.903,4454,40.35,50
2023-02-17 04:46:33.115,4500,40.35,50
2023-02-17 04:46:33.323,4553,40.35,50
2023-02-17 04:46:33.530,4636,40.35,50
2023-02-17 04:46:33.737,4711,40.35,50
2023-02-17 04:46:33.942,4837,40.35,50
2023-02-17 04:46:34.154,4950,40.35,50
2023-02-17 04:46:34.362,5090,40.35,50
2023-02-17 04:46:34.570,5221,40.35,50
2023-02-17 04:46:34.778,5338,40.35,50
2023-02-17 04:46:34.984,5413,40.35,50
2023-02-17 04:46:35.194,5444,40.35,50
2023-02-17 04:46:35.403,5477,40.35,50
2023-02-17 04:46:35.615,5414,40.35,50
2023-02-17 04:46:35.834,5329,40.35,50
2023-02-17 04:46:36.036,5213,40.35,50
2023-02-17 04:46:36.251,5045,40.35,50
2023-02-17 04:46:36.427,4909,40.35,50
2023-02-17 04:46:36.636,4747,40.35,50
2023-02-17 04:46:36.834,4638,40.32,50
2023-02-17 04:46:37.032,4550,40.32,50
2023-02-17 04:46:37.243,4482,40.32,50
2023-02-17 04:46:37.451,4482,40.32,50
2023-02-17 04:46:37.660,4447,40.32,50
2023-02-17 04:46:37.868,4451,40.32,50
2023-02-17 04:46:38.071,4447,40.32,50
2023-02-17 04:46:38.285,4448,40.32,50
2023-02-17 04:46:38.493,4467,40.32,50
2023-02-17 04:46:38.699,4476,40.32,50
2023-02-17 04:46:38.908,4564,40.32,50
2023-02-17 04:46:39.127,4688,40.32,50
2023-02-17 04:46:39.341,4901,40.32,50
2023-02-17 04:46:39.549,5206,40.32,50
2023-02-17 04:46:39.757,5517,40.32,50
2023-02-17 04:46:39.979,5894,40.32,50
2023-02-17 04:46:40.168,6279,40.32,50
2023-02-17 04:46:40.382,6610,40.32,50
2023-02-17 04:46:40.557,6862,40.32,50
2023-02-17 04:46:40.760,6978,40.32,50
2023-02-17 04:46:40.958,7048,40.32,50
2023-02-17 04:46:41.165,6898,40.32,50
2023-02-17 04:46:41.374,6662,40.32,50
2023-02-17 04:46:41.581,6342,40.32,50
2023-02-17 04:46:41.789,5983,40.32,50
2023-02-17 04:46:41.999,5604,40.32,50
2023-02-17 04:46:42.205,5254,40.32,50
2023-02-17 04:46:42.415,5034,40.32,50
2023-02-17 04:46:42.623,4924,40.32,50
2023-02-17 04:46:42.832,4965,40.32,50
2023-02-17 04:46:43.039,5142,40.32,50
2023-02-17 04:46:43.243,5487,40.32,50
2023-02-17 04:46:43.455,5936,40.32,50
2023-02-17 04:46:43.671,6428,40.32,50
2023-02-17 04:46:43.888,6978,40.32,50
2023-02-17 04:46:44.096,7485,40.32,50
2023-02-17 04:46:44.302,7929,40.32,50
2023-02-17 04:46:44.481,8223,40.32,50
2023-02-17 04:46:44.686,8293,40.32,50
2023-02-17 04:46:44.886,8207,40.32,50
2023-02-17 04:46:45.088,7884,40.32,50
2023-02-17 04:46:45.294,7386,40.32,50
2023-02-17 04:46:45.502,6783,40.32,50
2023-02-17 04:46:45.711,6274,40.32,50
2023-02-17 04:46:45.921,5933,40.32,50
2023-02-17 04:46:46.129,5985,40.32,50
2023-02-17 04:46:46.333,6475,40.32,50
2023-02-17 04:46:46.545,7348,40.32,50
2023-02-17 04:46:46.753,8451,40.32,50
2023-02-17 04:46:46.961,9505,40.32,50
2023-02-17 04:46:47.170,10473,40.32,50
2023-02-17 04:46:47.373,11143,40.32,50
2023-02-17 04:46:47.585,11547,40.32,50
2023-02-17 04:46:47.805,11507,40.32,50
2023-02-17 04:46:48.016,11044,40.32,50
2023-02-17 04:46:48.226,10396,40.32,50
2023-02-17 04:46:48.427,9498,40.32,50
2023-02-17 04:46:48.609,8551,40.32,50
2023-02-17 04:46:48.814,7581,40.32,50
2023-02-17 04:46:49.013,6840,40.32,50
2023-02-17 04:46:49.218,6301,40.32,50
2023-02-17 04:46:49.422,6083,40.32,50
2023-02-17 04:46:49.634,6055,40.32,50
2023-02-17 04:46:49.842,6223,40.32,50
2023-02-17 04:46:50.050,6444,40.32,50
2023-02-17 04:46:50.259,6660,40.32,50
2023-02-17 04:46:50.460,6771,40.32,50
2023-02-17 04:46:50.674,6863,40.32,50
2023-02-17 04:46:50.881,6828,40.32,50
2023-02-17 04:46:51.091,6644,40.32,50
2023-02-17 04:46:51.297,6453,40.32,50
2023-02-17 04:46:51.501,6244,40.32,50
2023-02-17 04:46:51.730,6080,40.32,50
2023-02-17 04:46:51.954,6036,40.32,50
2023-02-17 04:46:52.162,6109,40.32,50
2023-02-17 04:46:52.371,6299,40.32,50
2023-02-17 04:46:52.560,6521,40.32,50
2023-02-17 04:46:52.737,6765,40.32,50
2023-02-17 04:46:52.940,7022,40.32,50
2023-02-17 04:46:53.138,7178,40.32,50
2023-02-17 04:46:53.348,7272,40.32,50
2023-02-17 04:46:53.554,7351,40.32,50
2023-02-17 04:46:53.764,7422,40.32,50
2023-02-17 04:46:53.973,7506,40.32,50
2023-02-17 04:46:54.181,7698,40.32,50
2023-02-17 04:46:54.389,7987,40.32,50
2023-02-17 04:46:54.608,8371,40.32,50
2023-02-17 04:46:54.805,8792,40.32,50
2023-02-17 04:46:55.013,9180,40.32,50
2023-02-17 04:46:55.221,9530,40.32,50
2023-02-17 04:46:55.429,9765,40.32,50
2023-02-17 04:46:55.635,9910,40.32,50
2023-02-17 04:46:55.844,10093,40.32,50
2023-02-17 04:46:56.061,10074,40.32,50
2023-02-17 04:46:56.278,9975,40.32,50
2023-02-17 04:46:56.485,9907,40.32,50
2023-02-17 04:46:56.688,9837,40.32,50
2023-02-17 04:46:56.867,9708,40.32,50
2023-02-17 04:46:57.066,9468,40.32,50
2023-02-17 04:46:57.270,9290,40.32,50
2023-02-17 04:46:57.477,9068,40.32,50
2023-02-17 04:46:57.685,8767,40.32,50
2023-02-17 04:46:57.895,8527,40.32,50
2023-02-17 04:46:58.103,8218,40.32,50
2023-02-17 04:46:58.311,7819,40.32,50
2023-02-17 04:46:58.519,7463,40.32,50
2023-02-17 04:46:58.725,7155,40.32,50
2023-02-17 04:46:58.935,6902,40.32,50
2023-02-17 04:46:59.143,6674,40.32,50
2023-02-17 04:46:59.352,6437,40.32,50
2023-02-17 04:46:59.560,6202,40.32,50
2023-02-17 04:46:59.766,5953,40.32,50
2023-02-17 04:46:59.974,5726,40.35,50
2023-02-17 04:47:00.188,5473,40.35,50
2023-02-17 04:47:00.405,5184,40.32,50
2023-02-17 04:47:00.616,4981,40.32,50
2023-02-17 04:47:00.821,4830,40.32,50
2023-02-17 04:47:00.996,4753,40.32,50
2023-02-17 04:47:01.193,4756,40.32,50
2023-02-17 04:47:01.400,4829,40.32,50
2023-02-17 04:47:01.608,4937,40.32,50
2023-02-17 04:47:01.815,5086,40.32,50
2023-02-17 04:47:02.024,5213,40.32,50
2023-02-17 04:47:02.249,5317,40.32,50
2023-02-17 04:47:02.455,5391,40.32,50
2023-02-17 04:47:02.663,5403,40.32,50
2023-02-17 04:47:02.854,5445,40.32,50
2023-02-17 04:47:03.062,5456,40.32,50
2023-02-17 04:47:03.273,5453,40.32,50
2023-02-17 04:47:03.481,5504,40.32,50
2023-02-17 04:47:03.688,5466,40.32,50
2023-02-17 04:47:03.895,5414,40.32,50
2023-02-17 04:47:04.110,5317,40.32,50
2023-02-17 04:47:04.327,5186,40.32,50
2023-02-17 04:47:04.537,5033,40.32,50
2023-02-17 04:47:04.746,4864,40.32,50
2023-02-17 04:47:04.922,4740,40.32,50
2023-02-17 04:47:05.121,4692,40.32,50
2023-02-17 04:47:05.322,4735,40.32,50
2023-02-17 04:47:05.529,4887,40.32,50
2023-02-17 04:47:05.738,5144,40.32,50
2023-02-17 04:47:05.945,5414,40.32,50
2023-02-17 04:47:06.154,5704,40.32,50
2023-02-17 04:47:06.362,5985,40.32,50
2023-02-17 04:47:06.570,6194,40.32,50
2023-02-17 04:47:06.777,6293,40.32,50
2023-02-17 04:47:06.986,6379,40.32,50
2023-02-17 04:47:07.209,6371,40.32,50
2023-02-17 04:47:07.403,6324,40.32,50
2023-02-17 04:47:07.611,6210,40.32,50
2023-02-17 04:47:07.818,6091,40.32,50
2023-02-17 04:47:08.025,5925,40.32,50
2023-02-17 04:47:08.246,5776,40.32,50
2023-02-17 04:47:08.459,5556,40.32,50
2023-02-17 04:47:08.667,5378,40.35,50
2023-02-17 04:47:08.844,5206,40.35,50
2023-02-17 04:47:09.047,5058,40.35,50
2023-02-17 04:47:09.248,4982,40.35,50
2023-02-17 04:47:09.453,4928,40.35,50
2023-02-17 04:47:09.660,4948,40.35,50
2023-02-17 04:47:09.867,5022,40.35,50
2023-02-17 04:47:10.074,5142,40.35,50
2023-02-17 04:47:10.284,5196,40.35,50
2023-02-17 04:47:10.493,5265,40.32,50
2023-02-17 04:47:10.701,5265,40.35,50
2023-02-17 04:47:10.925,5234,40.35,50
2023-02-17 04:47:11.115,5147,40.35,50
2023-02-17 04:47:11.325,5034,40.35,50
2023-02-17 04:47:11.532,4960,40.35,50
2023-02-17 04:47:11.742,4883,40.35,50
2023-02-17 04:47:11.949,4826,40.35,50
2023-02-17 04:47:12.165,4803,40.35,50
2023-02-17 04:47:12.382,4804,40.35,50
2023-02-17 04:47:12.590,4790,40.35,50
2023-02-17 04:47:12.798,4827,40.35,50
2023-02-17 04:47:12.975,4805,40.35,50
2023-02-17 04:47:13.173,4768,40.35,50
2023-02-17 04:47:13.375,4712,40.35,50
2023-02-17 04:47:13.580,4642,40.35,50
2023-02-17 04:47:13.789,4603,40.35,50
2023-02-17 04:47:13.999,4527,40.35,50
2023-02-17 04:47:14.207,4483,40.35,50
2023-02-17 04:47:14.415,4430,40.35,50
2023-02-17 04:47:14.623,4418,40.35,50
2023-02-17 04:47:14.832,4427,40.35,50
2023-02-17 04:47:15.039,4402,40.35,50
2023-02-17 04:47:15.248,4417,40.35,50
2023-02-17 04:47:15.454,4438,40.35,50
2023-02-17 04:47:15.664,4418,40.35,50
2023-02-17 04:47:15.872,4412,40.35,50
2023-02-17 04:47:16.086,4433,40.35,50
2023-02-17 04:47:16.302,4444,40.35,50
2023-02-17 04:47:16.512,4447,40.35,50
2023-02-17 04:47:16.721,4457,40.35,50
2023-02-17 04:47:16.896,4446,40.35,50
2023-02-17 04:47:17.101,4467,40.35,50
2023-02-17 04:47:17.300,4483,40.35,50
2023-02-17 04:47:17.503,4507,40.35,50
2023-02-17 04:47:17.720,4525,40.38,50
2023-02-17 04:47:17.920,4526,40.38,50
2023-02-17 04:47:18.128,4511,40.38,50
2023-02-17 04:47:18.334,4522,40.38,50
2023-02-17 04:47:18.543,4529,40.38,50
2023-02-17 04:47:18.752,4530,40.35,50
2023-02-17 04:47:18.960,4523,40.35,50
2023-02-17 04:47:19.169,4533,40.35,50
2023-02-17 04:47:19.373,4500,40.35,50
2023-02-17 04:47:19.585,4524,40.38,50
2023-02-17 04:47:19.793,4498,40.38,50
2023-02-17 04:47:20.007,4489,40.38,50
2023-02-17 04:47:20.225,4500,40.38,50
2023-02-17 04:47:20.427,4495,40.35,50
2023-02-17 04:47:20.640,4492,40.35,50
2023-02-17 04:47:20.818,4491,40.35,50
2023-02-17 04:47:21.026,4509,40.38,50
2023-02-17 04:47:21.227,4522,40.38,50
2023-02-17 04:47:21.424,4520,40.38,50
2023-02-17 04:47:21.634,4552,40.35,50
2023-02-17 04:47:21.842,4528,40.35,50
2023-02-17 04:47:22.051,4529,40.35,50
2023-02-17 04:47:22.259,4532,40.35,50
2023-02-17 04:47:22.460,4532,40.35,50
2023-02-17 04:47:22.675,4548,40.35,50
2023-02-17 04:47:22.882,4532,40.35,50
2023-02-17 04:47:23.090,4502,40.35,50
2023-02-17 04:47:23.300,4494,40.38,50
2023-02-17 04:47:23.504,4499,40.38,50
2023-02-17 04:47:23.712,4510,40.38,50
2023-02-17 04:47:23.927,4513,40.35,50
2023-02-17 04:47:24.145,4500,40.35,50
2023-02-17 04:47:24.355,4524,40.35,50
2023-02-17 04:47:24.564,4539,40.35,50
2023-02-17 04:47:24.772,4571,40.35,50
2023-02-17 04:47:24.947,4567,40.35,50
2023-02-17 04:47:25.156,4581,40.35,50
2023-02-17 04:47:25.353,4556,40.35,50
2023-02-17 04:47:25.557,4565,40.35,50
2023-02-17 04:47:25.765,4577,40.35,50
2023-02-17 04:47:25.973,4559,40.35,50
2023-02-17 04:47:26.180,4584,40.35,50
2023-02-17 04:47:26.386,4559,40.35,50
2023-02-17 04:47:26.596,4556,40.35,50
2023-02-17 04:47:26.804,4566,40.38,50
2023-02-17 04:47:27.012,4579,40.38,50
2023-02-17 04:47:27.222,4581,40.38,50
2023-02-17 04:47:27.428,4610,40.38,50
2023-02-17 04:47:27.652,4630,40.38,50
2023-02-17 04:47:27.860,4678,40.38,50
2023-02-17 04:47:28.069,4713,40.38,50
2023-02-17 04:47:28.291,4755,40.38,50
2023-02-17 04:47:28.486,4788,40.38,50
2023-02-17 04:47:28.692,4836,40.35,50
2023-02-17 04:47:28.869,4838,40.35,50
2023-02-17 04:47:29.075,4808,40.35,50
2023-02-17 04:47:29.281,4815,40.35,50
2023-02-17 04:47:29.478,4794,40.35,50
2023-02-17 04:47:29.687,4767,40.35,50
2023-02-17 04:47:29.895,4740,40.35,50
2023-02-17 04:47:30.101,4737,40.35,50
2023-02-17 04:47:30.310,4705,40.35,50
2023-02-17 04:47:30.519,4683,40.35,50
2023-02-17 04:47:30.727,4652,40.35,50
2023-02-17 04:47:30.935,4682,40.35,50
2023-02-17 04:47:31.143,4659,40.35,50
2023-02-17 04:47:31.351,4639,40.35,50
2023-02-17 04:47:31.558,4634,40.35,50
2023-02-17 04:47:31.767,4638,40.35,50
2023-02-17 04:47:31.982,4645,40.35,50
2023-02-17 04:47:32.198,4644,40.35,50
2023-02-17 04:47:32.408,4648,40.35,50
2023-02-17 04:47:32.616,4625,40.35,50
2023-02-17 04:47:32.822,4611,40.35,50
2023-02-17 04:47:32.999,4597,40.35,50
2023-02-17 04:47:33.206,4563,40.35,50
2023-02-17 04:47:33.406,4551,40.35,50
2023-02-17 04:47:33.606,4551,40.35,50
2023-02-17 04:47:33.816,4529,40.35,50
2023-02-17 04:47:34.024,4526,40.35,50
2023-02-17 04:47:34.231,4531,40.35,50
2023-02-17 04:47:34.439,4559,40.35,50
2023-02-17 04:47:34.647,4581,40.35,50
2023-02-17 04:47:34.855,4589,40.35,50
2023-02-17 04:47:35.063,4571,40.35,50
2023-02-17 04:47:35.272,4579,40.35,50
2023-02-17 04:47:35.480,4559,40.35,50
2023-02-17 04:47:35.688,4558,40.35,50
2023-02-17 04:47:35.902,4537,40.35,50
2023-02-17 04:47:36.121,4530,40.35,50
2023-02-17 04:47:36.329,4546,40.35,50
2023-02-17 04:47:36.537,4526,40.35,50
2023-02-17 04:47:36.746,4510,40.35,50
2023-02-17 04:47:36.921,4514,40.35,50
2023-02-17 04:47:37.129,4502,40.35,50
2023-02-17 04:47:37.335,4504,40.35,50
2023-02-17 04:47:37.534,4496,40.35,50
2023-02-17 04:47:37.737,4488,40.35,50
2023-02-17 04:47:37.945,4501,40.35,50
2023-02-17 04:47:38.154,4519,40.35,50
2023-02-17 04:47:38.362,4510,40.35,50
2023-02-17 04:47:38.570,4511,40.35,50
2023-02-17 04:47:38.778,4502,40.35,50
2023-02-17 04:47:38.987,4483,40.35,50
2023-02-17 04:47:39.194,4507,40.35,50
2023-02-17 04:47:39.402,4508,40.35,50
2023-02-17 04:47:39.610,4512,40.35,50
2023-02-17 04:47:39.826,4502,40.35,50
2023-02-17 04:47:40.043,4502,40.35,50
2023-02-17 04:47:40.251,4502,40.35,50
2023-02-17 04:47:40.459,4486,40.35,50
2023-02-17 04:47:40.668,4499,40.35,50
2023-02-17 04:47:40.843,4508,40.35,50
2023-02-17 04:47:41.051,4509,40.35,50
2023-02-17 04:47:41.259,4494,40.35,50
2023-02-17 04:47:41.461,4505,40.35,50
2023-02-17 04:47:41.662,4504,40.35,50
2023-02-17 04:47:41.861,4505,40.35,50
2023-02-17 04:47:42.068,4483,40.35,50
2023-02-17 04:47:42.276,4487,40.35,50
2023-02-17 04:47:42.484,4488,40.35,50
2023-02-17 04:47:42.692,4491,40.35,50
2023-02-17 04:47:42.899,4474,40.35,50
2023-02-17 04:47:43.110,4494,40.35,50
2023-02-17 04:47:43.326,4496,40.35,50
2023-02-17 04:47:43.544,4495,40.35,50
2023-02-17 04:47:43.754,4493,40.35,50
2023-02-17 04:47:43.962,4496,40.35,50
2023-02-17 04:47:44.170,4501,40.35,50
2023-02-17 04:47:44.378,4497,40.35,50
2023-02-17 04:47:44.586,4494,40.35,50
2023-02-17 04:47:44.762,4499,40.35,50
2023-02-17 04:47:44.970,4499,40.35,50
2023-02-17 04:47:45.178,4508,40.35,50
2023-02-17 04:47:45.384,4497,40.35,50
2023-02-17 04:47:45.594,4480,40.35,50
2023-02-17 04:47:45.803,4470,40.32,50
2023-02-17 04:47:46.001,4491,40.32,50
2023-02-17 04:47:46.202,4505,40.32,50
2023-02-17 04:47:46.409,4486,40.32,50
2023-02-17 04:47:46.619,4489,40.32,50
2023-02-17 04:47:46.826,4484,40.32,50
2023-02-17 04:47:47.035,4508,40.32,50
2023-02-17 04:47:47.255,4490,40.32,50
2023-02-17 04:47:47.463,4500,40.32,50
2023-02-17 04:47:47.674,4497,40.32,50
2023-02-17 04:47:47.883,4494,40.32,50
2023-02-17 04:47:48.091,4514,40.32,50
2023-02-17 04:47:48.298,4522,40.32,50
2023-02-17 04:47:48.506,4525,40.32,50
2023-02-17 04:47:48.682,4519,40.32,50
2023-02-17 04:47:48.892,4526,40.32,50
2023-02-17 04:47:49.100,4530,40.32,50
2023-02-17 04:47:49.306,4495,40.32,50
2023-02-17 04:47:49.515,4514,40.32,50
2023-02-17 04:47:49.722,4525,40.32,50
2023-02-17 04:47:49.928,4503,40.32,50
2023-02-17 04:47:50.128,4501,40.32,50
2023-02-17 04:47:50.332,4494,40.32,50
2023-02-17 04:47:50.554,4494,40.32,50
2023-02-17 04:47:50.763,4480,40.32,50
2023-02-17 04:47:50.972,4482,40.32,50
2023-02-17 04:47:51.178,4457,40.32,50
2023-02-17 04:47:51.389,4463,40.32,50
2023-02-17 04:47:51.596,4482,40.32,50
2023-02-17 04:47:51.804,4448,40.32,50
2023-02-17 04:47:52.013,4457,40.32,50
2023-02-17 04:47:52.221,4474,40.32,50
2023-02-17 04:47:52.429,4470,40.32,50
2023-02-17 04:47:52.637,4473,40.32,50
2023-02-17 04:47:52.814,4503,40.32,50
2023-02-17 04:47:53.022,4513,40.32,50
2023-02-17 04:47:53.230,4546,40.32,50
2023-02-17 04:47:53.436,4534,40.32,50
2023-02-17 04:47:53.643,4531,40.32,50
2023-02-17 04:47:53.854,4531,40.32,50
2023-02-17 04:47:54.055,4562,40.32,50
2023-02-17 04:47:54.255,4572,40.32,50
2023-02-17 04:47:54.462,4593,40.32,50
2023-02-17 04:47:54.669,4584,40.32,50
2023-02-17 04:47:54.886,4596,40.32,50
2023-02-17 04:47:55.103,4573,40.32,50
2023-02-17 04:47:55.310,4566,40.32,50
2023-02-17 04:47:55.518,4586,40.32,50
2023-02-17 04:47:55.726,4590,40.32,50
2023-02-17 04:47:55.935,4590,40.32,50
2023-02-17 04:47:56.143,4577,40.32,50
2023-02-17 04:47:56.351,4579,40.32,50
2023-02-17 04:47:56.563,4578,40.32,50
2023-02-17 04:47:56.736,4566,40.32,50
2023-02-17 04:47:56.943,4563,40.32,50
2023-02-17 04:47:57.152,4547,40.32,50
2023-02-17 04:47:57.360,4523,40.32,50
2023-02-17 04:47:57.568,4535,40.32,50
2023-02-17 04:47:57.776,4509,40.32,50
2023-02-17 04:47:57.984,4518,40.32,50
2023-02-17 04:47:58.184,4525,40.32,50
2023-02-17 04:47:58.383,4473,40.32,50
2023-02-17 04:47:58.592,4490,40.32,50
2023-02-17 04:47:58.808,4483,40.32,50
2023-02-17 04:47:59.025,4499,40.32,50
2023-02-17 04:47:59.233,4489,40.32,50
2023-02-17 04:47:59.441,4450,40.32,50
2023-02-17 04:47:59.649,4458,40.32,50
2023-02-17 04:47:59.853,4467,40.32,50
2023-02-17 04:48:00.059,4468,40.32,50
2023-02-17 04:48:00.272,4449,40.32,50
2023-02-17 04:48:00.487,4447,40.32,50
2023-02-17 04:48:00.657,4466,40.32,50
2023-02-17 04:48:00.859,4459,40.32,50
2023-02-17 04:48:01.089,4467,40.32,50
2023-02-17 04:48:01.297,4456,40.32,50
2023-02-17 04:48:01.488,4479,40.32,50
2023-02-17 04:48:01.697,4473,40.32,50
2023-02-17 04:48:01.902,4479,40.32,50
2023-02-17 04:48:02.112,4464,40.32,50
2023-02-17 04:48:02.312,4467,40.32,50
2023-02-17 04:48:02.513,4477,40.32,50
2023-02-17 04:48:02.729,4471,40.32,50
2023-02-17 04:48:02.939,4465,40.32,50
2023-02-17 04:48:03.153,4472,40.32,50
2023-02-17 04:48:03.361,4449,40.32,50
2023-02-17 04:48:03.570,4474,40.32,50
2023-02-17 04:48:03.778,4465,40.32,50
2023-02-17 04:48:03.983,4480,40.32,50
2023-02-17 04:48:04.193,4477,40.32,50
2023-02-17 04:48:04.410,4476,40.32,50
2023-02-17 04:48:04.579,4499,40.32,50
2023-02-17 04:48:04.787,4491,40.32,50
2023-02-17 04:48:04.993,4509,40.32,50
2023-02-17 04:48:05.201,4502,40.32,50
2023-02-17 04:48:05.411,4474,40.29,50
2023-02-17 04:48:05.617,4466,40.29,50
2023-02-17 04:48:05.827,4477,40.29,50
2023-02-17 05:00:15.064,4496,40.38,50
2023-02-17 05:00:15.272,4485,40.38,50
2023-02-17 05:00:15.477,4486,40.38,50
2023-02-17 05:00:15.686,4500,40.38,50
2023-02-17 05:00:15.885,4512,40.38,50
2023-02-17 05:00:16.087,4484,40.38,50
2023-02-17 05:00:16.294,4521,40.38,50
2023-02-17 05:00:16.502,4518,40.38,50
2023-02-17 05:00:16.711,4512,40.38,50
2023-02-17 05:00:16.918,4520,40.38,50
2023-02-17 05:00:17.128,4521,40.38,50
2023-02-17 05:00:17.336,4521,40.38,50
2023-02-17 05:00:17.549,4514,40.38,50
2023-02-17 05:00:17.768,4528,40.38,50
2023-02-17 05:00:17.975,4519,40.38,50
2023-02-17 05:00:18.184,4525,40.35,50
2023-02-17 05:00:18.392,4525,40.35,50
2023-02-17 05:00:18.598,4515,40.35,50
2023-02-17 05:00:18.805,4512,40.35,50
2023-02-17 05:00:18.982,4505,40.35,50
2023-02-17 05:00:19.190,4495,40.35,50
2023-02-17 05:00:19.398,4499,40.35,50
2023-02-17 05:00:19.606,4517,40.35,50
2023-02-17 05:00:19.813,4510,40.35,50
2023-02-17 05:00:20.013,4510,40.35,50
2023-02-17 05:00:20.216,4519,40.35,50
2023-02-17 05:00:20.425,4506,40.38,50
2023-02-17 05:00:20.630,4508,40.38,50
2023-02-17 05:00:20.840,4503,40.38,50
2023-02-17 05:00:21.049,4476,40.38,50
2023-02-17 05:00:21.257,4457,40.38,50
2023-02-17 05:00:21.473,4482,40.38,50
2023-02-17 05:00:21.703,4470,40.38,50
2023-02-17 05:00:21.895,4465,40.35,50
2023-02-17 05:00:22.105,4463,40.35,50
2023-02-17 05:00:22.314,4453,40.35,50
2023-02-17 05:00:22.520,4449,40.35,50
2023-02-17 05:00:22.730,4445,40.35,50
2023-02-17 05:00:22.905,4425,40.35,50
2023-02-17 05:00:23.113,4438,40.35,50
2023-02-17 05:00:23.321,4426,40.35,50
2023-02-17 05:00:23.546,4462,40.35,50
2023-02-17 05:00:23.754,4477,40.35,50
2023-02-17 05:00:23.946,4482,40.35,50
2023-02-17 05:00:24.153,4469,40.35,50
2023-02-17 05:00:24.362,4471,40.35,50
2023-02-17 05:00:24.555,4489,40.35,50
2023-02-17 05:00:24.763,4494,40.35,50
2023-02-17 05:00:24.971,4464,40.35,50
2023-02-17 05:00:25.178,4478,40.35,50
2023-02-17 05:00:25.396,4478,40.35,50
2023-02-17 05:00:25.612,4476,40.35,50
2023-02-17 05:00:25.819,4454,40.35,50
2023-02-17 05:00:26.021,4478,40.35,50
2023-02-17 05:00:26.235,4451,40.35,50
2023-02-17 05:00:26.444,4462,40.35,50
2023-02-17 05:00:26.652,4459,40.35,50
2023-02-17 05:00:26.858,4471,40.35,50
2023-02-17 05:00:27.032,4485,40.35,50
2023-02-17 05:00:27.243,4466,40.35,50
2023-02-17 05:00:27.452,4479,40.35,50
2023-02-17 05:00:27.660,4472,40.35,50
2023-02-17 05:00:27.868,4483,40.35,50
2023-02-17 05:00:28.068,4464,40.35,50
2023-02-17 05:00:28.268,4477,40.35,50
2023-02-17 05:00:28.476,4493,40.32,50
2023-02-17 05:00:28.684,4498,40.32,50
2023-02-17 05:00:28.893,4507,40.32,50
2023-02-17 05:00:29.097,4505,40.32,50
2023-02-17 05:00:29.314,4521,40.32,50
2023-02-17 05:00:29.533,4505,40.35,50
2023-02-17 05:00:29.740,4496,40.32,50
2023-02-17 05:00:29.948,4497,40.32,50
2023-02-17 05:00:30.153,4488,40.32,50
2023-02-17 05:00:30.365,4487,40.32,50
2023-02-17 05:00:30.571,4481,40.32,50
2023-02-17 05:00:30.782,4500,40.35,50
2023-02-17 05:00:30.958,4492,40.35,50
2023-02-17 05:00:31.164,4504,40.32,50
2023-02-17 05:00:31.374,4498,40.32,50
2023-02-17 05:00:31.582,4496,40.32,50
2023-02-17 05:00:31.791,4509,40.35,50
2023-02-17 05:00:31.998,4488,40.32,50
2023-02-17 05:00:32.203,4489,40.35,50
2023-02-17 05:00:32.398,4471,40.35,50
2023-02-17 05:00:32.605,4460,40.32,50
2023-02-17 05:00:32.814,4480,40.32,50
2023-02-17 05:00:33.022,4472,40.32,50
2023-02-17 05:00:33.239,4446,40.32,50
2023-02-17 05:00:33.455,4445,40.32,50
2023-02-17 05:00:33.663,4430,40.32,50
2023-02-17 05:00:33.886,4448,40.32,50
2023-02-17 05:00:34.095,4464,40.32,50
2023-02-17 05:00:34.301,4458,40.32,50
2023-02-17 05:00:34.494,4434,40.32,50
2023-02-17 05:00:34.703,4445,40.32,50
2023-02-17 05:00:34.877,4472,40.32,50
2023-02-17 05:00:35.087,4443,40.32,50
2023-02-17 05:00:35.294,4434,40.32,50
2023-02-17 05:00:35.503,4419,40.32,50
2023-02-17 05:00:35.711,4436,40.32,50
2023-02-17 05:00:35.920,4426,40.32,50
2023-02-17 05:00:36.125,4461,40.32,50
2023-02-17 05:00:36.325,4450,40.32,50
2023-02-17 05:00:36.527,4439,40.32,50
2023-02-17 05:00:36.735,4464,40.32,50
2023-02-17 05:00:36.944,4442,40.32,50
2023-02-17 05:00:37.162,4430,40.32,50
2023-02-17 05:00:37.376,4433,40.32,50
2023-02-17 05:00:37.583,4433,40.32,50
2023-02-17 05:00:37.792,4438,40.32,50
2023-02-17 05:00:38.001,4440,40.32,50
2023-02-17 05:00:38.208,4439,40.32,50
2023-02-17 05:00:38.417,4444,40.32,50
2023-02-17 05:00:38.624,4451,40.32,50
2023-02-17 05:00:38.799,4467,40.32,50
2023-02-17 05:00:39.008,4464,40.32,50
2023-02-17 05:00:39.217,4463,40.32,50
2023-02-17 05:00:39.425,4475,40.32,50
2023-02-17 05:00:39.627,4470,40.32,50
2023-02-17 05:00:39.841,4482,40.32,50
2023-02-17 05:00:40.048,4500,40.32,50
2023-02-17 05:00:40.255,4520,40.32,50
2023-02-17 05:00:40.454,4487,40.32,50
2023-02-17 05:00:40.655,4503,40.32,50
2023-02-17 05:00:40.864,4489,40.32,50
2023-02-17 05:00:41.085,4486,40.32,50
2023-02-17 05:00:41.298,4466,40.32,50
2023-02-17 05:00:41.504,4489,40.32,50
2023-02-17 05:00:41.707,4463,40.32,50
2023-02-17 05:00:41.915,4471,40.32,50
2023-02-17 05:00:42.128,4476,40.32,50
2023-02-17 05:00:42.336,4462,40.32,50
2023-02-17 05:00:42.549,4457,40.32,50
2023-02-17 05:00:42.763,4447,40.32,50
2023-02-17 05:00:42.929,4461,40.32,50
2023-02-17 05:00:43.137,4483,40.32,50
2023-02-17 05:00:43.346,4490,40.32,50
2023-02-17 05:00:43.554,4470,40.32,50
2023-02-17 05:00:43.762,4491,40.29,50
2023-02-17 05:00:43.970,4486,40.32,50
2023-02-17 05:00:44.176,4503,40.32,50
2023-02-17 05:00:44.387,4518,40.29,50
2023-02-17 05:00:44.586,4518,40.32,50
2023-02-17 05:00:44.794,4513,40.29,50
2023-02-17 05:00:45.011,4509,40.29,50
2023-02-17 05:00:45.218,4500,40.29,50
2023-02-17 05:00:45.427,4504,40.29,50
2023-02-17 05:00:45.635,4500,40.29,50
2023-02-17 05:00:45.839,4496,40.29,50
2023-02-17 05:00:46.050,4473,40.29,50
2023-02-17 05:00:46.259,4472,40.29,50
2023-02-17 05:00:46.472,4468,40.29,50
2023-02-17 05:00:46.691,4459,40.29,50
2023-02-17 05:00:46.853,4449,40.29,50
2023-02-17 05:00:47.058,4437,40.29,50
2023-02-17 05:00:47.268,4438,40.29,50
2023-02-17 05:00:47.476,4435,40.29,50
2023-02-17 05:00:47.684,4452,40.29,50
2023-02-17 05:00:47.890,4445,40.29,50
2023-02-17 05:00:48.098,4451,40.29,50
2023-02-17 05:00:48.308,4442,40.29,50
2023-02-17 05:00:48.511,4454,40.29,50
2023-02-17 05:00:48.718,4445,40.29,50
2023-02-17 05:00:48.929,4453,40.29,50
2023-02-17 05:00:49.140,4478,40.29,50
2023-02-17 05:00:49.349,4481,40.29,50
2023-02-17 05:00:49.557,4468,40.29,50
2023-02-17 05:00:49.763,4456,40.29,50
2023-02-17 05:00:49.970,4460,40.29,50
2023-02-17 05:00:50.179,4452,40.29,50
2023-02-17 05:00:50.399,4466,40.29,50
2023-02-17 05:00:50.612,4472,40.32,50
2023-02-17 05:00:50.776,4486,40.32,50
2023-02-17 05:00:50.981,4542,40.32,50
2023-02-17 05:00:51.188,4567,40.32,50
2023-02-17 05:00:51.398,4590,40.32,50
2023-02-17 05:00:51.606,4611,40.32,50
2023-02-17 05:00:51.813,4605,40.32,50
2023-02-17 05:00:52.021,4568,40.32,50
2023-02-17 05:00:52.228,4521,40.32,50
2023-02-17 05:00:52.437,4509,40.32,50
2023-02-17 05:00:52.644,4480,40.32,50
2023-02-17 05:00:52.852,4462,40.32,50
2023-02-17 05:00:53.060,4471,40.32,50
2023-02-17 05:00:53.269,4474,40.32,50
2023-02-17 05:00:53.478,4457,40.32,50
2023-02-17 05:00:53.686,4470,40.32,50
2023-02-17 05:00:53.894,4444,40.32,50
2023-02-17 05:00:54.103,4456,40.32,50
2023-02-17 05:00:54.318,4443,40.32,50
2023-02-17 05:00:54.534,4438,40.32,50
2023-02-17 05:00:54.742,4448,40.32,50
2023-02-17 05:00:54.906,4454,40.32,50
2023-02-17 05:00:55.109,4481,40.32,50
2023-02-17 05:00:55.317,4454,40.32,50
2023-02-17 05:00:55.526,4466,40.32,50
2023-02-17 05:00:55.734,4473,40.32,50
2023-02-17 05:00:55.942,4501,40.32,50
2023-02-17 05:00:56.150,4483,40.32,50
2023-02-17 05:00:56.357,4455,40.32,50
2023-02-17 05:00:56.567,4429,40.32,50
2023-02-17 05:00:56.774,4430,40.32,50
2023-02-17 05:00:56.983,4443,40.32,50
2023-02-17 05:00:57.191,4430,40.32,50
2023-02-17 05:00:57.398,4447,40.32,50
2023-02-17 05:00:57.624,4459,40.32,50
2023-02-17 05:00:57.832,4475,40.32,50
2023-02-17 05:00:58.040,4491,40.32,50
2023-02-17 05:00:58.248,4501,40.32,50
2023-02-17 05:00:58.455,4501,40.32,50
2023-02-17 05:00:58.666,4482,40.32,50
2023-02-17 05:00:58.833,4481,40.32,50
2023-02-17 05:00:59.033,4473,40.32,50
2023-02-17 05:00:59.241,4461,40.32,50
2023-02-17 05:00:59.444,4489,40.32,50
2023-02-17 05:00:59.657,4506,40.32,50
2023-02-17 05:00:59.864,4514,40.32,50
2023-02-17 05:01:00.068,4495,40.32,50
2023-02-17 05:01:00.281,4480,40.32,50
2023-02-17 05:01:00.488,4481,40.32,50
2023-02-17 05:01:00.697,4454,40.32,50
2023-02-17 05:01:00.905,4467,40.32,50
2023-02-17 05:01:01.113,4459,40.32,50
2023-02-17 05:01:01.322,4460,40.32,50
2023-02-17 05:01:01.529,4454,40.32,50
2023-02-17 05:01:01.738,4461,40.32,50
2023-02-17 05:01:01.952,4465,40.32,50
2023-02-17 05:01:02.170,4479,40.32,50
2023-02-17 05:01:02.379,4477,40.32,50
2023-02-17 05:01:02.585,4474,40.32,50
2023-02-17 05:01:02.760,4477,40.32,50
2023-02-17 05:01:02.961,4490,40.32,50
2023-02-17 05:01:03.162,4487,40.32,50
2023-02-17 05:01:03.370,4472,40.32,50
2023-02-17 05:01:03.575,4475,40.32,50
2023-02-17 05:01:03.786,4483,40.32,50
2023-02-17 05:01:03.994,4437,40.32,50
2023-02-17 05:01:04.203,4439,40.35,50
2023-02-17 05:01:04.411,4439,40.35,50
2023-02-17 05:01:04.617,4439,40.35,50
2023-02-17 05:01:04.821,4441,40.35,50
2023-02-17 05:01:05.035,4415,40.35,50
2023-02-17 05:01:05.242,4409,40.35,50
2023-02-17 05:01:05.451,4426,40.35,50
2023-02-17 05:01:05.659,4437,40.35,50
2023-02-17 05:01:05.875,4443,40.35,50
2023-02-17 05:01:06.091,4428,40.35,50
2023-02-17 05:01:06.299,4448,40.35,50
2023-02-17 05:01:06.521,4461,40.35,50
2023-02-17 05:01:06.700,4454,40.35,50
2023-02-17 05:01:06.907,4449,40.35,50
2023-02-17 05:01:07.099,4447,40.35,50
2023-02-17 05:01:07.306,4450,40.35,50
2023-02-17 05:01:07.515,4463,40.35,50
2023-02-17 05:01:07.708,4467,40.35,50
2023-02-17 05:01:07.913,4483,40.35,50
2023-02-17 05:01:08.124,4491,40.35,50
2023-02-17 05:01:08.330,4493,40.35,50
2023-02-17 05:01:08.540,4478,40.35,50
2023-02-17 05:01:08.748,4490,40.35,50
2023-02-17 05:01:08.957,4501,40.35,50
2023-02-17 05:01:09.165,4500,40.35,50
2023-02-17 05:01:09.372,4506,40.35,50
2023-02-17 05:01:09.579,4497,40.35,50
2023-02-17 05:01:09.800,4491,40.35,50
2023-02-17 05:01:10.014,4498,40.35,50
2023-02-17 05:01:10.219,4489,40.35,50
2023-02-17 05:01:10.429,4477,40.35,50
2023-02-17 05:01:10.605,4496,40.35,50
2023-02-17 05:01:10.812,4504,40.35,50
2023-02-17 05:01:11.015,4496,40.35,50
2023-02-17 05:01:11.220,4469,40.35,50
2023-02-17 05:01:11.421,4496,40.35,50
2023-02-17 05:01:11.629,4470,40.35,50
2023-02-17 05:01:11.838,4476,40.35,50
2023-02-17 05:01:12.043,4473,40.35,50
2023-02-17 05:01:12.254,4466,40.35,50
2023-02-17 05:01:12.462,4453,40.35,50
2023-02-17 05:01:12.669,4457,40.35,50
2023-02-17 05:01:12.878,4459,40.35,50
2023-02-17 05:01:13.085,4475,40.35,50
2023-02-17 05:01:13.294,4465,40.35,50
2023-02-17 05:01:13.501,4459,40.35,50
2023-02-17 05:01:13.722,4444,40.35,50
2023-02-17 05:01:13.935,4454,40.35,50
2023-02-17 05:01:14.140,4453,40.35,50
2023-02-17 05:01:14.350,4453,40.35,50
2023-02-17 05:01:14.559,4456,40.35,50
2023-02-17 05:01:14.736,4458,40.35,50
2023-02-17 05:01:14.944,4453,40.35,50
2023-02-17 05:01:15.146,4447,40.35,50
2023-02-17 05:01:15.347,4427,40.35,50
2023-02-17 05:01:15.552,4421,40.35,50
2023-02-17 05:01:15.759,4441,40.35,50
2023-02-17 05:01:15.967,4440,40.35,50
2023-02-17 05:01:16.175,4439,40.35,50
2023-02-17 05:01:16.381,4430,40.35,50
2023-02-17 05:01:16.592,4437,40.35,50
2023-02-17 05:01:16.799,4433,40.35,50
2023-02-17 05:01:17.008,4462,40.35,50
2023-02-17 05:01:17.215,4451,40.35,50
2023-02-17 05:01:17.435,4437,40.35,50
2023-02-17 05:01:17.647,4416,40.35,50
2023-02-17 05:01:17.855,4431,40.35,50
2023-02-17 05:01:18.064,4421,40.35,50
2023-02-17 05:01:18.270,4414,40.35,50
2023-02-17 05:01:18.478,4419,40.35,50
2023-02-17 05:01:18.655,4427,40.35,50
2023-02-17 05:01:18.864,4418,40.35,50
2023-02-17 05:01:19.071,4424,40.35,50
2023-02-17 05:01:19.275,4433,40.35,50
2023-02-17 05:01:19.472,4422,40.35,50
2023-02-17 05:01:19.680,4433,40.35,50
2023-02-17 05:01:19.888,4419,40.35,50
2023-02-17 05:01:20.113,4435,40.35,50
2023-02-17 05:01:20.321,4431,40.35,50
2023-02-17 05:01:20.510,4428,40.35,50
2023-02-17 05:01:20.721,4414,40.35,50
2023-02-17 05:01:20.928,4439,40.35,50
2023-02-17 05:01:21.136,4419,40.35,50
2023-02-17 05:01:21.350,4431,40.35,50
2023-02-17 05:01:21.568,4422,40.35,50
2023-02-17 05:01:21.778,4436,40.35,50
2023-02-17 05:01:21.984,4420,40.35,50
2023-02-17 05:01:22.194,4422,40.35,50
2023-02-17 05:01:22.403,4422,40.35,50
2023-02-17 05:01:22.578,4420,40.35,50
2023-02-17 05:01:22.786,4438,40.35,50
2023-02-17 05:01:22.993,4425,40.35,50
2023-02-17 05:01:23.201,4443,40.35,50
2023-02-17 05:01:23.401,4440,40.35,50
2023-02-17 05:01:23.601,4438,40.35,50
2023-02-17 05:01:23.811,4414,40.35,50
2023-02-17 05:01:24.019,4412,40.35,50
2023-02-17 05:01:24.227,4422,40.35,50
2023-02-17 05:01:24.435,4428,40.35,50
2023-02-17 05:01:24.644,4413,40.35,50
2023-02-17 05:01:24.852,4425,40.35,50
2023-02-17 05:01:25.060,4407,40.35,50
2023-02-17 05:01:25.273,4400,40.35,50
2023-02-17 05:01:25.488,4426,40.35,50
2023-02-17 05:01:25.698,4416,40.35,50
2023-02-17 05:01:25.908,4423,40.35,50
2023-02-17 05:01:26.115,4451,40.35,50
2023-02-17 05:01:26.323,4428,40.35,50
2023-02-17 05:01:26.532,4436,40.35,50
2023-02-17 05:01:26.708,4435,40.35,50
2023-02-17 05:01:26.916,4423,40.35,50
2023-02-17 05:01:27.124,4439,40.35,50
2023-02-17 05:01:27.330,4438,40.35,50
2023-02-17 05:01:27.529,4447,40.35,50
2023-02-17 05:01:27.727,4462,40.35,50
2023-02-17 05:01:27.940,4452,40.35,50
2023-02-17 05:01:28.148,4471,40.35,50
2023-02-17 05:01:28.356,4461,40.35,50
2023-02-17 05:01:28.564,4469,40.35,50
2023-02-17 05:01:28.771,4473,40.35,50
2023-02-17 05:01:28.980,4479,40.35,50
2023-02-17 05:01:29.196,4461,40.35,50
2023-02-17 05:01:29.413,4450,40.35,50
2023-02-17 05:01:29.622,4464,40.35,50
2023-02-17 05:01:29.829,4458,40.35,50
2023-02-17 05:01:30.038,4427,40.35,50
2023-02-17 05:01:30.245,4438,40.35,50
2023-02-17 05:01:30.453,4434,40.35,50
2023-02-17 05:01:30.630,4451,40.35,50
2023-02-17 05:01:30.836,4434,40.35,50
2023-02-17 05:01:31.046,4456,40.35,50
2023-02-17 05:01:31.254,4463,40.35,50
2023-02-17 05:01:31.457,4449,40.32,50
2023-02-17 05:01:31.653,4449,40.35,50
2023-02-17 05:01:31.862,4462,40.32,50
2023-02-17 05:01:32.068,4450,40.35,50
2023-02-17 05:01:32.277,4433,40.32,50
2023-02-17 05:01:32.485,4451,40.32,50
2023-02-17 05:01:32.709,4449,40.32,50
2023-02-17 05:01:32.916,4442,40.32,50
2023-02-17 05:01:33.127,4445,40.32,50
2023-02-17 05:01:33.350,4442,40.32,50
2023-02-17 05:01:33.541,4463,40.32,50
2023-02-17 05:01:33.749,4460,40.32,50
2023-02-17 05:01:33.956,4461,40.32,50
2023-02-17 05:01:34.167,4463,40.32,50
2023-02-17 05:01:34.375,4480,40.32,50
2023-02-17 05:01:34.550,4487,40.32,50
2023-02-17 05:01:34.759,4473,40.32,50
2023-02-17 05:01:34.967,4504,40.32,50
2023-02-17 05:01:35.176,4513,40.32,50
2023-02-17 05:01:35.383,4514,40.32,50
2023-02-17 05:01:35.582,4511,40.32,50
2023-02-17 05:01:35.784,4535,40.32,50
2023-02-17 05:01:35.991,4501,40.32,50
2023-02-17 05:01:36.199,4498,40.32,50
2023-02-17 05:01:36.408,4510,40.32,50
2023-02-17 05:01:36.616,4507,40.32,50
2023-02-17 05:01:36.824,4489,40.32,50
2023-02-17 05:01:37.042,4495,40.32,50
2023-02-17 05:01:37.257,4503,40.32,50
2023-02-17 05:01:37.464,4506,40.32,50
2023-02-17 05:01:37.673,4486,40.32,50
2023-02-17 05:01:37.881,4499,40.32,50
2023-02-17 05:01:38.089,4492,40.32,50
2023-02-17 05:01:38.298,4504,40.32,50
2023-02-17 05:01:38.473,4513,40.32,50
2023-02-17 05:01:38.681,4506,40.32,50
2023-02-17 05:01:38.890,4531,40.32,50
2023-02-17 05:01:39.098,4545,40.32,50
2023-02-17 05:01:39.307,4569,40.32,50
2023-02-17 05:01:39.508,4579,40.32,50
2023-02-17 05:01:39.707,4593,40.32,50
2023-02-17 05:01:39.914,4624,40.32,50
2023-02-17 05:01:40.120,4637,40.32,50
2023-02-17 05:01:40.327,4639,40.32,50
2023-02-17 05:01:40.539,4661,40.32,50
2023-02-17 05:01:40.746,4665,40.32,50
2023-02-17 05:01:40.971,4647,40.32,50
2023-02-17 05:01:41.179,4653,40.32,50
2023-02-17 05:01:41.387,4671,40.32,50
2023-02-17 05:01:41.595,4654,40.32,50
2023-02-17 05:01:41.804,4643,40.32,50
2023-02-17 05:01:42.012,4622,40.32,50
2023-02-17 05:01:42.218,4616,40.32,50
2023-02-17 05:01:42.426,4601,40.32,50
2023-02-17 05:01:42.604,4587,40.32,50
2023-02-17 05:01:42.811,4601,40.32,50
2023-02-17 05:01:43.019,4605,40.32,50
2023-02-17 05:01:43.227,4592,40.32,50
2023-02-17 05:01:43.433,4591,40.32,50
2023-02-17 05:01:43.640,4637,40.32,50
2023-02-17 05:01:43.835,4617,40.32,50
2023-02-17 05:01:44.044,4627,40.32,50
2023-02-17 05:01:44.252,4637,40.32,50
2023-02-17 05:01:44.458,4655,40.32,50
2023-02-17 05:01:44.668,4661,40.32,50
2023-02-17 05:01:44.880,4687,40.32,50
2023-02-17 05:01:45.097,4728,40.32,50
2023-02-17 05:01:45.309,4760,40.32,50
2023-02-17 05:01:45.515,4803,40.32,50
2023-02-17 05:01:45.724,4835,40.32,50
2023-02-17 05:01:45.933,4850,40.32,50
2023-02-17 05:01:46.141,4876,40.32,50
2023-02-17 05:01:46.349,4883,40.32,50
2023-02-17 05:01:46.522,4878,40.32,50
2023-02-17 05:01:46.730,4870,40.32,50
2023-02-17 05:01:46.940,4864,40.32,50
2023-02-17 05:01:47.149,4811,40.32,50
2023-02-17 05:01:47.357,4745,40.32,50
2023-02-17 05:01:47.564,4719,40.32,50
2023-02-17 05:01:47.764,4658,40.29,50
2023-02-17 05:01:47.965,4623,40.29,50
2023-02-17 05:01:48.173,4588,40.32,50
2023-02-17 05:01:48.381,4558,40.29,50
2023-02-17 05:01:48.585,4538,40.32,50
2023-02-17 05:01:48.804,4507,40.29,50
2023-02-17 05:01:49.021,4514,40.32,50
2023-02-17 05:01:49.228,4486,40.32,50
2023-02-17 05:01:49.438,4518,40.32,50
2023-02-17 05:01:49.646,4500,40.29,50
2023-02-17 05:01:49.854,4477,40.32,50
2023-02-17 05:01:50.061,4472,40.32,50
2023-02-17 05:01:50.270,4479,40.32,50
2023-02-17 05:01:50.445,4466,40.32,50
2023-02-17 05:01:50.652,4485,40.32,50
2023-02-17 05:01:50.862,4487,40.32,50
2023-02-17 05:01:51.071,4482,40.32,50
2023-02-17 05:01:51.279,4495,40.32,50
2023-02-17 05:01:51.487,4519,40.32,50
2023-02-17 05:01:51.690,4521,40.32,50
2023-02-17 05:01:51.890,4520,40.32,50
2023-02-17 05:01:52.096,4525,40.32,50
2023-02-17 05:01:52.303,4511,40.32,50
2023-02-17 05:01:52.512,4506,40.32,50
2023-02-17 05:01:52.727,4500,40.32,50
2023-02-17 05:01:52.945,4479,40.32,50
2023-02-17 05:01:53.166,4486,40.32,50
2023-02-17 05:01:53.376,4498,40.32,50
2023-02-17 05:01:53.583,4500,40.32,50
2023-02-17 05:01:53.792,4505,40.32,50
2023-02-17 05:01:54.000,4509,40.32,50
2023-02-17 05:01:54.208,4504,40.32,50
2023-02-17 05:01:54.369,4514,40.32,50
2023-02-17 05:01:54.577,4529,40.32,50
2023-02-17 05:01:54.783,4519,40.32,50
2023-02-17 05:01:54.992,4534,40.32,50
2023-02-17 05:01:55.201,4538,40.32,50
2023-02-17 05:01:55.409,4533,40.32,50
2023-02-17 05:01:55.617,4527,40.32,50
2023-02-17 05:01:55.817,4543,40.32,50
2023-02-17 05:01:56.016,4547,40.32,50
2023-02-17 05:01:56.225,4544,40.32,50
2023-02-17 05:01:56.433,4536,40.32,50
2023-02-17 05:01:56.651,4524,40.32,50
2023-02-17 05:01:56.864,4533,40.32,50
2023-02-17 05:01:57.072,4525,40.32,50
2023-02-17 05:01:57.281,4520,40.32,50
2023-02-17 05:01:57.489,4526,40.32,50
2023-02-17 05:01:57.697,4530,40.32,50
2023-02-17 05:01:57.904,4517,40.32,50
2023-02-17 05:01:58.115,4493,40.32,50
2023-02-17 05:01:58.331,4487,40.32,50
2023-02-17 05:01:58.499,4489,40.32,50
2023-02-17 05:01:58.707,4445,40.32,50
2023-02-17 05:01:58.913,4451,40.32,50
2023-02-17 05:01:59.122,4456,40.32,50
2023-02-17 05:01:59.330,4448,40.32,50
2023-02-17 05:01:59.539,4489,40.32,50
2023-02-17 05:01:59.746,4519,40.32,50
2023-02-17 05:01:59.947,4543,40.32,50
2023-02-17 05:02:00.142,4579,40.32,50
2023-02-17 05:02:00.360,4582,40.32,50
2023-02-17 05:02:00.578,4639,40.32,50
2023-02-17 05:02:00.788,4690,40.29,50
2023-02-17 05:02:00.995,4767,40.29,50
2023-02-17 05:02:01.202,4867,40.32,50
2023-02-17 05:02:01.409,4945,40.32,50
2023-02-17 05:02:01.618,5022,40.29,50
2023-02-17 05:02:01.827,5116,40.29,50
2023-02-17 05:02:02.034,5196,40.32,50
2023-02-17 05:02:02.253,5280,40.32,50
2023-02-17 05:02:02.418,5376,40.29,50
2023-02-17 05:02:02.627,5431,40.29,50
2023-02-17 05:02:02.836,5489,40.29,50
2023-02-17 05:02:03.042,5545,40.32,50
2023-02-17 05:02:03.252,5604,40.32,50
2023-02-17 05:02:03.460,5630,40.32,50
2023-02-17 05:02:03.667,5654,40.32,50
2023-02-17 05:02:03.874,5602,40.32,50
2023-02-17 05:02:04.081,5585,40.32,50
2023-02-17 05:02:04.276,5552,40.32,50
2023-02-17 05:02:04.494,5527,40.32,50
2023-02-17 05:02:04.709,5498,40.32,50
2023-02-17 05:02:04.918,5457,40.32,50
2023-02-17 05:02:05.125,5366,40.32,50
2023-02-17 05:02:05.334,5309,40.32,50
2023-02-17 05:02:05.540,5267,40.32,50
2023-02-17 05:02:05.749,5203,40.32,50
2023-02-17 05:02:05.957,5157,40.32,50
2023-02-17 05:02:06.169,5091,40.32,50
2023-02-17 05:02:06.341,5057,40.32,50
2023-02-17 05:02:06.548,5039,40.32,50
2023-02-17 05:02:06.758,4999,40.32,50
2023-02-17 05:02:06.966,4949,40.32,50
2023-02-17 05:02:07.174,4939,40.32,50
2023-02-17 05:02:07.380,4888,40.32,50
2023-02-17 05:02:07.588,4861,40.32,50
2023-02-17 05:02:07.798,4816,40.32,50
2023-02-17 05:02:08.000,4759,40.32,50
2023-02-17 05:02:08.197,4720,40.32,50
2023-02-17 05:02:08.416,4673,40.35,50
2023-02-17 05:02:08.631,4638,40.35,50
2023-02-17 05:02:08.838,4618,40.35,50
2023-02-17 05:02:09.048,4592,40.35,50
2023-02-17 05:02:09.255,4591,40.35,50
2023-02-17 05:02:09.463,4559,40.35,50
2023-02-17 05:02:09.670,4583,40.35,50
2023-02-17 05:02:09.878,4592,40.35,50
2023-02-17 05:02:10.093,4596,40.35,50
2023-02-17 05:02:10.312,4621,40.35,50
2023-02-17 05:02:10.471,4613,40.35,50
2023-02-17 05:02:10.680,4604,40.35,50
2023-02-17 05:02:10.888,4629,40.35,50
2023-02-17 05:02:11.096,4607,40.35,50
2023-02-17 05:02:11.304,4579,40.35,50
2023-02-17 05:02:11.508,4549,40.35,50
2023-02-17 05:02:11.721,4545,40.35,50
2023-02-17 05:02:11.945,4533,40.35,50
2023-02-17 05:02:12.136,4510,40.35,50
2023-02-17 05:02:12.344,4488,40.35,50
2023-02-17 05:02:12.553,4509,40.35,50
2023-02-17 05:02:12.759,4522,40.35,50
2023-02-17 05:02:12.968,4522,40.35,50
2023-02-17 05:02:13.177,4544,40.35,50
2023-02-17 05:02:13.385,4528,40.35,50
2023-02-17 05:02:13.594,4541,40.35,50
2023-02-17 05:02:13.802,4527,40.35,50
2023-02-17 05:02:14.014,4540,40.35,50
2023-02-17 05:02:14.234,4514,40.35,50
2023-02-17 05:02:14.391,4527,40.35,50
2023-02-17 05:02:14.597,4499,40.35,50
2023-02-17 05:02:14.810,4497,40.35,50
2023-02-17 05:02:15.018,4510,40.35,50
2023-02-17 05:02:15.227,4536,40.35,50
2023-02-17 05:02:15.433,4517,40.35,50
2023-02-17 05:02:15.642,4534,40.35,50
2023-02-17 05:02:15.850,4540,40.35,50
2023-02-17 05:02:16.053,4506,40.35,50
2023-02-17 05:02:16.262,4518,40.35,50
2023-02-17 05:02:16.473,4528,40.38,50
2023-02-17 05:02:16.678,4539,40.38,50
2023-02-17 05:02:16.890,4544,40.38,50
2023-02-17 05:02:17.098,4558,40.38,50
2023-02-17 05:02:17.306,4552,40.38,50
2023-02-17 05:02:17.514,4538,40.38,50
2023-02-17 05:02:17.726,4530,40.38,50
2023-02-17 05:02:17.943,4529,40.38,50
2023-02-17 05:02:18.154,4530,40.35,50
2023-02-17 05:02:18.318,4521,40.35,50
2023-02-17 05:02:18.523,4528,40.38,50
2023-02-17 05:02:18.729,4519,40.38,50
2023-02-17 05:02:18.938,4532,40.35,50
2023-02-17 05:02:19.147,4519,40.35,50
2023-02-17 05:02:19.355,4501,40.38,50
2023-02-17 05:02:19.563,4525,40.38,50
2023-02-17 05:02:19.768,4483,40.38,50
2023-02-17 05:02:19.980,4472,40.35,50
2023-02-17 05:02:20.186,4468,40.38,50
2023-02-17 05:02:20.395,4463,40.35,50
2023-02-17 05:02:20.603,4462,40.35,50
2023-02-17 05:02:20.809,4460,40.35,50
2023-02-17 05:02:21.021,4457,40.35,50
2023-02-17 05:02:21.229,4481,40.35,50
2023-02-17 05:02:21.436,4487,40.38,50
2023-02-17 05:02:21.647,4496,40.38,50
2023-02-17 05:02:21.865,4507,40.38,50
2023-02-17 05:02:22.076,4515,40.38,50
2023-02-17 05:02:22.246,4544,40.38,50
2023-02-17 05:02:22.444,4540,40.38,50
2023-02-17 05:02:22.653,4543,40.38,50
2023-02-17 05:02:22.860,4531,40.38,50
2023-02-17 05:02:23.070,4537,40.38,50
2023-02-17 05:02:23.291,4542,40.38,50
2023-02-17 05:02:23.500,4556,40.38,50
2023-02-17 05:02:23.709,4572,40.38,50
2023-02-17 05:02:23.898,4562,40.38,50
2023-02-17 05:02:24.110,4569,40.38,50
2023-02-17 05:02:24.317,4611,40.38,50
2023-02-17 05:02:24.526,4605,40.38,50
2023-02-17 05:02:24.734,4614,40.38,50
2023-02-17 05:02:24.942,4614,40.38,50
2023-02-17 05:02:25.151,4613,40.38,50
2023-02-17 05:02:25.359,4638,40.38,50
2023-02-17 05:02:25.567,4614,40.38,50
2023-02-17 05:02:25.783,4603,40.38,50
2023-02-17 05:02:25.995,4611,40.38,50
2023-02-17 05:02:26.208,4595,40.38,50
2023-02-17 05:02:26.371,4604,40.38,50
2023-02-17 05:02:26.575,4605,40.38,50
2023-02-17 05:02:26.783,4611,40.38,50
2023-02-17 05:02:26.989,4616,40.38,50
2023-02-17 05:02:27.197,4622,40.38,50
2023-02-17 05:02:27.407,4613,40.38,50
2023-02-17 05:02:27.617,4626,40.38,50
2023-02-17 05:02:27.824,4646,40.38,50
2023-02-17 05:02:28.030,4661,40.38,50
2023-02-17 05:02:28.240,4671,40.38,50
2023-02-17 05:02:28.448,4691,40.38,50
2023-02-17 05:02:28.656,4714,40.38,50
2023-02-17 05:02:28.860,4735,40.38,50
2023-02-17 05:02:29.072,4741,40.38,50
2023-02-17 05:02:29.280,4763,40.38,50
2023-02-17 05:02:29.487,4781,40.35,50
2023-02-17 05:02:29.703,4778,40.38,50
2023-02-17 05:02:29.919,4807,40.35,50
2023-02-17 05:02:30.128,4809,40.38,50
2023-02-17 05:02:30.299,4807,40.38,50
2023-02-17 05:02:30.497,4793,40.38,50
2023-02-17 05:02:30.718,4755,40.38,50
2023-02-17 05:02:30.928,4763,40.38,50
2023-02-17 05:02:31.136,4752,40.35,50
2023-02-17 05:02:31.326,4742,40.38,50
2023-02-17 05:02:31.551,4737,40.35,50
2023-02-17 05:02:31.744,4708,40.38,50
2023-02-17 05:02:31.953,4695,40.38,50
2023-02-17 05:02:32.159,4684,40.38,50
2023-02-17 05:02:32.368,4674,40.38,50
2023-02-17 05:02:32.576,4692,40.38,50
2023-02-17 05:02:32.786,4662,40.38,50
2023-02-17 05:02:32.991,4641,40.38,50
2023-02-17 05:02:33.201,4655,40.38,50
2023-02-17 05:02:33.410,4664,40.38,50
2023-02-17 05:02:33.623,4613,40.38,50
2023-02-17 05:02:33.839,4620,40.38,50
2023-02-17 05:02:34.050,4605,40.38,50
2023-02-17 05:02:34.226,4602,40.38,50
2023-02-17 05:02:34.425,4589,40.38,50
2023-02-17 05:02:34.626,4581,40.38,50
2023-02-17 05:02:34.833,4566,40.38,50
2023-02-17 05:02:35.041,4562,40.38,50
2023-02-17 05:02:35.251,4551,40.38,50
2023-02-17 05:02:35.453,4570,40.38,50
2023-02-17 05:02:35.665,4563,40.38,50
2023-02-17 05:02:35.875,4551,40.38,50
2023-02-17 05:02:36.082,4554,40.38,50
2023-02-17 05:02:36.291,4561,40.38,50
2023-02-17 05:02:36.498,4538,40.38,50
2023-02-17 05:02:36.707,4567,40.35,50
2023-02-17 05:02:36.914,4531,40.35,50
2023-02-17 05:02:37.122,4521,40.38,50
2023-02-17 05:02:37.331,4506,40.38,50
2023-02-17 05:02:37.547,4488,40.38,50
2023-02-17 05:02:37.764,4489,40.38,50
2023-02-17 05:02:37.972,4479,40.38,50
2023-02-17 05:02:38.181,4486,40.38,50
2023-02-17 05:02:38.352,4473,40.38,50
2023-02-17 05:02:38.553,4483,40.38,50
2023-02-17 05:02:38.756,4469,40.38,50
2023-02-17 05:02:38.964,4480,40.38,50
2023-02-17 05:02:39.172,4474,40.38,50
2023-02-17 05:02:39.380,4485,40.38,50
2023-02-17 05:02:39.588,4509,40.38,50
2023-02-17 05:02:39.796,4535,40.38,50
2023-02-17 05:02:40.006,4527,40.38,50
2023-02-17 05:02:40.230,4513,40.38,50
2023-02-17 05:02:40.438,4525,40.38,50
2023-02-17 05:02:40.627,4526,40.38,50
2023-02-17 05:02:40.837,4500,40.38,50
2023-02-17 05:02:41.046,4509,40.38,50
2023-02-17 05:02:41.254,4504,40.35,50
2023-02-17 05:02:41.467,4503,40.35,50
2023-02-17 05:02:41.686,4493,40.38,50
2023-02-17 05:02:41.894,4493,40.38,50
2023-02-17 05:02:42.102,4486,40.38,50
2023-02-17 05:02:42.278,4474,40.35,50
2023-02-17 05:02:42.479,4508,40.35,50
2023-02-17 05:02:42.675,4518,40.35,50
2023-02-17 05:02:42.886,4514,40.35,50
2023-02-17 05:02:43.094,4514,40.35,50
2023-02-17 05:02:43.303,4503,40.35,50
2023-02-17 05:02:43.512,4521,40.35,50
2023-02-17 05:02:43.716,4517,40.35,50
2023-02-17 05:02:43.928,4538,40.38,50
2023-02-17 05:02:44.134,4529,40.38,50
2023-02-17 05:02:44.341,4541,40.38,50
2023-02-17 05:02:44.552,4524,40.38,50
2023-02-17 05:02:44.759,4538,40.38,50
2023-02-17 05:02:44.966,4539,40.38,50
2023-02-17 05:02:45.176,4561,40.35,50
2023-02-17 05:02:45.391,4547,40.38,50
2023-02-17 05:02:45.608,4545,40.38,50
2023-02-17 05:02:45.812,4557,40.35,50
2023-02-17 05:02:46.022,4555,40.35,50
2023-02-17 05:02:46.200,4547,40.35,50
2023-02-17 05:02:46.406,4546,40.35,50
2023-02-17 05:02:46.606,4551,40.35,50
2023-02-17 05:02:46.807,4541,40.35,50
2023-02-17 05:02:47.014,4562,40.35,50
2023-02-17 05:02:47.223,4536,40.35,50
2023-02-17 05:02:47.432,4532,40.35,50
2023-02-17 05:02:47.639,4524,40.35,50
2023-02-17 05:02:47.846,4517,40.35,50
2023-02-17 05:02:48.057,4520,40.35,50
2023-02-17 05:02:48.265,4533,40.35,50
2023-02-17 05:02:48.473,4507,40.35,50
2023-02-17 05:02:48.682,4499,40.35,50
2023-02-17 05:02:48.889,4519,40.35,50
2023-02-17 05:02:49.097,4512,40.35,50
2023-02-17 05:02:49.313,4509,40.35,50
2023-02-17 05:02:49.529,4519,40.35,50
2023-02-17 05:02:49.737,4524,40.35,50
2023-02-17 05:02:49.946,4510,40.35,50
2023-02-17 05:02:50.121,4495,40.35,50
2023-02-17 05:02:50.329,4492,40.35,50
2023-02-17 05:02:50.532,4506,40.35,50
2023-02-17 05:02:50.731,4472,40.35,50
2023-02-17 05:02:50.934,4480,40.35,50
2023-02-17 05:02:51.146,4478,40.35,50
2023-02-17 05:02:51.353,4478,40.35,50
2023-02-17 05:02:51.562,4463,40.35,50
2023-02-17 05:02:51.770,4485,40.35,50
2023-02-17 05:02:51.979,4504,40.35,50
2023-02-17 05:02:52.187,4512,40.35,50
2023-02-17 05:02:52.396,4470,40.35,50
2023-02-17 05:02:52.603,4467,40.35,50
2023-02-17 05:02:52.812,4443,40.35,50
2023-02-17 05:02:53.019,4460,40.35,50
2023-02-17 05:02:53.231,4472,40.35,50
2023-02-17 05:02:53.450,4436,40.35,50
2023-02-17 05:02:53.659,4438,40.35,50
2023-02-17 05:02:53.868,4432,40.35,50
2023-02-17 05:02:54.076,4458,40.35,50
2023-02-17 05:02:54.252,4455,40.35,50
2023-02-17 05:02:54.459,4488,40.35,50
2023-02-17 05:02:54.659,4461,40.35,50
2023-02-17 05:02:54.861,4459,40.35,50
2023-02-17 05:02:55.064,4450,40.35,50
2023-02-17 05:02:55.276,4474,40.35,50
2023-02-17 05:02:55.484,4474,40.35,50
2023-02-17 05:02:55.692,4460,40.35,50
2023-02-17 05:02:55.901,4469,40.35,50
2023-02-17 05:02:56.106,4479,40.35,50
2023-02-17 05:02:56.317,4478,40.35,50
2023-02-17 05:02:56.526,4493,40.35,50
2023-02-17 05:02:56.734,4472,40.35,50
2023-02-17 05:02:56.942,4461,40.35,50
2023-02-17 05:02:57.165,4482,40.35,50
2023-02-17 05:02:57.375,4465,40.35,50
2023-02-17 05:02:57.582,4448,40.35,50
2023-02-17 05:02:57.789,4455,40.35,50
2023-02-17 05:02:57.998,4442,40.32,50
2023-02-17 05:02:58.172,4456,40.32,50
2023-02-17 05:02:58.382,4446,40.35,50
2023-02-17 05:02:58.586,4443,40.35,50
2023-02-17 05:02:58.783,4438,40.35,50
2023-02-17 05:02:58.992,4438,40.32,50
2023-02-17 05:02:59.213,4439,40.32,50
2023-02-17 05:02:59.422,4464,40.32,50
2023-02-17 05:02:59.614,4441,40.32,50
2023-02-17 05:02:59.823,4463,40.35,50
2023-02-17 05:03:00.029,4451,40.35,50
2023-02-17 05:03:00.238,4432,40.32,50
2023-02-17 05:03:00.447,4434,40.35,50
2023-02-17 05:03:00.653,4406,40.35,50
2023-02-17 05:03:00.863,4442,40.32,50
2023-02-17 05:03:01.071,4452,40.32,50
2023-02-17 05:03:01.291,4435,40.32,50
2023-02-17 05:03:01.504,4450,40.32,50
2023-02-17 05:03:01.712,4449,40.32,50
2023-02-17 05:03:01.919,4463,40.32,50
2023-02-17 05:03:02.095,4461,40.32,50
2023-02-17 05:03:02.304,4461,40.35,50
2023-02-17 05:03:02.512,4474,40.32,50
2023-02-17 05:03:02.712,4474,40.35,50
2023-02-17 05:03:02.912,4481,40.35,50
2023-02-17 05:03:03.121,4454,40.35,50
2023-02-17 05:03:03.327,4464,40.35,50
2023-02-17 05:03:03.537,4471,40.35,50
2023-02-17 05:03:03.742,4464,40.35,50
2023-02-17 05:03:03.951,4467,40.35,50
2023-02-17 05:03:04.160,4452,40.35,50
2023-02-17 05:03:04.367,4457,40.35,50
2023-02-17 05:03:04.577,4455,40.35,50
2023-02-17 05:03:04.783,4444,40.35,50
2023-02-17 05:03:04.993,4471,40.35,50
2023-02-17 05:03:05.212,4481,40.35,50
2023-02-17 05:03:05.424,4500,40.35,50
2023-02-17 05:03:05.633,4470,40.35,50
2023-02-17 05:03:05.842,4490,40.35,50
2023-02-17 05:03:06.050,4490,40.35,50
2023-02-17 05:03:06.225,4508,40.35,50
2023-02-17 05:03:06.434,4503,40.35,50
2023-02-17 05:03:06.639,4504,40.35,50
2023-02-17 05:03:06.840,4514,40.35,50
2023-02-17 05:03:07.042,4489,40.35,50
2023-02-17 05:03:07.250,4467,40.35,50
2023-02-17 05:03:07.458,4502,40.35,50
2023-02-17 05:03:07.666,4488,40.35,50
2023-02-17 05:03:07.874,4494,40.35,50
2023-02-17 05:03:08.082,4493,40.35,50
2023-02-17 05:03:08.291,4505,40.35,50
2023-02-17 05:03:08.499,4494,40.35,50
2023-02-17 05:03:08.706,4495,40.35,50
2023-02-17 05:03:08.921,4507,40.35,50
2023-02-17 05:03:09.139,4510,40.35,50
2023-02-17 05:03:09.347,4530,40.35,50
2023-02-17 05:03:09.556,4515,40.35,50
2023-02-17 05:03:09.762,4514,40.35,50
2023-02-17 05:03:09.972,4505,40.35,50
2023-02-17 05:03:10.147,4530,40.35,50
2023-02-17 05:03:10.356,4520,40.35,50
2023-02-17 05:03:10.564,4520,40.35,50
2023-02-17 05:03:10.769,4506,40.35,50
2023-02-17 05:03:10.968,4527,40.35,50
2023-02-17 05:03:11.172,4506,40.35,50
2023-02-17 05:03:11.380,4518,40.35,50
2023-02-17 05:03:11.589,4533,40.35,50
2023-02-17 05:03:11.800,4541,40.35,50
2023-02-17 05:03:12.003,4554,40.35,50
2023-02-17 05:03:12.212,4568,40.35,50
2023-02-17 05:03:12.421,4542,40.35,50
2023-02-17 05:03:12.628,4560,40.35,50
2023-02-17 05:03:12.842,4536,40.35,50
2023-02-17 05:03:13.061,4514,40.35,50
2023-02-17 05:03:13.268,4531,40.35,50
2023-02-17 05:03:13.476,4509,40.35,50
2023-02-17 05:03:13.686,4520,40.35,50
2023-02-17 05:03:13.891,4517,40.35,50
2023-02-17 05:03:14.070,4510,40.35,50
2023-02-17 05:03:14.277,4506,40.35,50
2023-02-17 05:03:14.485,4504,40.35,50
2023-02-17 05:03:14.694,4524,40.35,50
2023-02-17 05:03:14.893,4521,40.35,50
2023-02-17 05:03:15.093,4501,40.35,50
2023-02-17 05:03:15.301,4494,40.35,50
2023-02-17 05:03:15.510,4504,40.35,50
2023-02-17 05:03:15.717,4516,40.35,50
2023-02-17 05:03:15.925,4509,40.32,50
2023-02-17 05:03:16.132,4512,40.32,50
2023-02-17 05:03:16.342,4503,40.32,50
2023-02-17 05:03:16.550,4510,40.32,50
2023-02-17 05:03:16.766,4532,40.32,50
2023-02-17 05:03:16.981,4504,40.32,50
2023-02-17 05:03:17.189,4491,40.32,50
2023-02-17 05:03:17.397,4496,40.32,50
2023-02-17 05:03:17.607,4500,40.35,50
2023-02-17 05:03:17.816,4497,40.35,50
2023-02-17 05:03:18.022,4487,40.35,50
2023-02-17 05:03:18.198,4486,40.32,50
2023-02-17 05:03:18.408,4479,40.35,50
2023-02-17 05:03:18.616,4495,40.35,50
2023-02-17 05:03:18.822,4505,40.35,50
2023-02-17 05:03:19.024,4495,40.35,50
2023-02-17 05:03:19.222,4497,40.32,50
2023-02-17 05:03:19.432,4502,40.32,50
2023-02-17 05:03:19.640,4494,40.35,50
2023-02-17 05:03:19.847,4475,40.32,50
2023-02-17 05:03:20.056,4495,40.32,50
2023-02-17 05:03:20.264,4520,40.35,50
2023-02-17 05:03:20.473,4521,40.35,50
2023-02-17 05:03:20.685,4515,40.32,50
2023-02-17 05:03:20.902,4509,40.32,50
2023-02-17 05:03:21.112,4517,40.35,50
2023-02-17 05:03:21.321,4514,40.32,50
2023-02-17 05:03:21.529,4529,40.32,50
2023-02-17 05:03:21.737,4520,40.35,50
2023-02-17 05:03:21.946,4530,40.32,50
2023-02-17 05:03:22.121,4521,40.35,50
2023-02-17 05:03:22.329,4530,40.35,50
2023-02-17 05:03:22.538,4542,40.32,50
2023-02-17 05:03:22.745,4557,40.32,50
2023-02-17 05:03:22.950,4534,40.32,50
2023-02-17 05:03:23.151,4532,40.32,50
2023-02-17 05:03:23.353,4549,40.32,50
2023-02-17 05:03:23.562,4536,40.32,50
2023-02-17 05:03:23.770,4547,40.32,50
2023-02-17 05:03:23.978,4547,40.32,50
2023-02-17 05:03:24.188,4516,40.32,50
2023-02-17 05:03:24.395,4528,40.32,50
2023-02-17 05:03:24.607,4562,40.32,50
2023-02-17 05:03:24.825,4544,40.32,50
2023-02-17 05:03:25.035,4545,40.32,50
2023-02-17 05:03:25.242,4549,40.32,50
2023-02-17 05:03:25.450,4539,40.32,50
2023-02-17 05:03:25.659,4529,40.32,50
2023-02-17 05:03:25.866,4558,40.32,50
2023-02-17 05:03:26.043,4565,40.32,50
2023-02-17 05:03:26.250,4547,40.32,50
2023-02-17 05:03:26.453,4531,40.32,50
2023-02-17 05:03:26.667,4531,40.32,50
2023-02-17 05:03:26.874,4528,40.32,50
2023-02-17 05:03:27.080,4551,40.32,50
2023-02-17 05:03:27.279,4546,40.32,50
2023-02-17 05:03:27.483,4538,40.32,50
2023-02-17 05:03:27.692,4545,40.32,50
2023-02-17 05:03:27.901,4552,40.32,50
2023-02-17 05:03:28.108,4554,40.32,50
2023-02-17 05:03:28.317,4560,40.32,50
2023-02-17 05:03:28.532,4577,40.32,50
2023-02-17 05:03:28.748,4584,40.32,50
2023-02-17 05:03:28.956,4583,40.32,50
2023-02-17 05:03:29.165,4573,40.32,50
2023-02-17 05:03:29.373,4557,40.32,50
2023-02-17 05:03:29.577,4550,40.32,50
2023-02-17 05:03:29.788,4566,40.32,50
2023-02-17 05:03:29.963,4560,40.32,50
2023-02-17 05:03:30.173,4555,40.32,50
2023-02-17 05:03:30.378,4535,40.32,50
2023-02-17 05:03:30.587,4543,40.32,50
2023-02-17 05:03:30.797,4551,40.32,50
2023-02-17 05:03:31.005,4538,40.32,50
2023-02-17 05:03:31.207,4530,40.32,50
2023-02-17 05:03:31.404,4519,40.32,50
2023-02-17 05:03:31.613,4540,40.32,50
2023-02-17 05:03:31.822,4504,40.32,50
2023-02-17 05:03:32.030,4504,40.32,50
2023-02-17 05:03:32.241,4515,40.32,50
2023-02-17 05:03:32.458,4504,40.32,50
2023-02-17 05:03:32.668,4484,40.32,50
2023-02-17 05:03:32.876,4515,40.32,50
2023-02-17 05:03:33.085,4510,40.35,50
2023-02-17 05:03:33.294,4518,40.35,50
2023-02-17 05:03:33.502,4522,40.32,50
2023-02-17 05:03:33.710,4529,40.35,50
2023-02-17 05:03:33.915,4512,40.35,50
2023-02-17 05:03:34.094,4557,40.35,50
2023-02-17 05:03:34.301,4541,40.35,50
2023-02-17 05:03:34.509,4538,40.35,50
2023-02-17 05:03:34.719,4527,40.32,50
2023-02-17 05:03:34.925,4537,40.32,50
2023-02-17 05:03:35.135,4532,40.35,50
2023-02-17 05:03:35.335,4539,40.35,50
2023-02-17 05:03:35.535,4542,40.32,50
2023-02-17 05:03:35.743,4519,40.32,50
2023-02-17 05:03:35.951,4525,40.35,50
2023-02-17 05:03:36.166,4525,40.35,50
2023-02-17 05:03:36.384,4488,40.35,50
2023-02-17 05:03:36.591,4495,40.35,50
2023-02-17 05:03:36.800,4491,40.35,50
2023-02-17 05:03:37.022,4479,40.35,50
2023-02-17 05:03:37.215,4468,40.35,50
2023-02-17 05:03:37.424,4480,40.35,50
2023-02-17 05:03:37.633,4480,40.35,50
2023-02-17 05:03:37.844,4464,40.35,50
2023-02-17 05:03:38.014,4466,40.35,50
2023-02-17 05:03:38.224,4499,40.35,50
2023-02-17 05:03:38.432,4507,40.35,50
2023-02-17 05:03:38.641,4503,40.35,50
2023-02-17 05:03:38.849,4484,40.35,50
2023-02-17 05:03:39.054,4478,40.35,50
2023-02-17 05:03:39.264,4474,40.35,50
2023-02-17 05:03:39.464,4488,40.35,50
2023-02-17 05:03:39.664,4523,40.35,50
2023-02-17 05:03:39.873,4504,40.35,50
2023-02-17 05:03:40.094,4503,40.35,50
2023-02-17 05:03:40.305,4504,40.35,50
2023-02-17 05:03:40.513,4491,40.35,50
2023-02-17 05:03:40.721,4500,40.35,50
2023-02-17 05:03:40.930,4501,40.35,50
2023-02-17 05:03:41.138,4510,40.35,50
2023-02-17 05:03:41.346,4523,40.35,50
2023-02-17 05:03:41.554,4517,40.35,50
2023-02-17 05:03:41.773,4547,40.35,50
2023-02-17 05:03:41.938,4537,40.35,50
2023-02-17 05:03:42.145,4562,40.35,50
2023-02-17 05:03:42.354,4555,40.35,50
2023-02-17 05:03:42.563,4561,40.35,50
2023-02-17 05:03:42.769,4578,40.35,50
2023-02-17 05:03:42.978,4590,40.35,50
2023-02-17 05:03:43.185,4594,40.35,50
2023-02-17 05:03:43.392,4586,40.35,50
2023-02-17 05:03:43.591,4577,40.35,50
2023-02-17 05:03:43.810,4578,40.35,50
2023-02-17 05:03:44.018,4589,40.35,50
2023-02-17 05:03:44.241,4577,40.35,50
2023-02-17 05:03:44.450,4590,40.35,50
2023-02-17 05:03:44.643,4609,40.35,50
2023-02-17 05:03:44.849,4594,40.35,50
2023-02-17 05:03:45.059,4595,40.35,50
2023-02-17 05:03:45.267,4601,40.35,50
2023-02-17 05:03:45.474,4595,40.35,50
2023-02-17 05:03:45.694,4606,40.35,50
2023-02-17 05:03:45.859,4587,40.35,50
2023-02-17 05:03:46.067,4592,40.35,50
2023-02-17 05:03:46.276,4632,40.35,50
2023-02-17 05:03:46.482,4621,40.35,50
2023-02-17 05:03:46.690,4592,40.35,50
2023-02-17 05:03:46.900,4586,40.35,50
2023-02-17 05:03:47.109,4581,40.35,50
2023-02-17 05:03:47.316,4562,40.35,50
2023-02-17 05:03:47.519,4558,40.35,50
2023-02-17 05:03:47.716,4555,40.35,50
2023-02-17 05:03:47.934,4556,40.35,50
2023-02-17 05:03:48.149,4535,40.35,50
2023-02-17 05:03:48.354,4524,40.35,50
2023-02-17 05:03:48.566,4523,40.35,50
2023-02-17 05:03:48.773,4508,40.35,50
2023-02-17 05:03:48.981,4509,40.35,50
2023-02-17 05:03:49.189,4508,40.35,50
2023-02-17 05:03:49.397,4504,40.35,50
2023-02-17 05:03:49.620,4532,40.35,50
2023-02-17 05:03:49.830,4518,40.35,50
2023-02-17 05:03:49.989,4515,40.35,50
2023-02-17 05:03:50.198,4508,40.35,50
2023-02-17 05:03:50.404,4518,40.35,50
2023-02-17 05:03:50.614,4530,40.35,50
2023-02-17 05:03:50.823,4518,40.35,50
2023-02-17 05:03:51.031,4530,40.35,50
2023-02-17 05:03:51.239,4567,40.35,50
2023-02-17 05:03:51.446,4571,40.35,50
2023-02-17 05:03:51.646,4593,40.35,50
2023-02-17 05:03:51.858,4627,40.35,50
2023-02-17 05:03:52.070,4593,40.35,50
2023-02-17 05:03:52.279,4607,40.35,50
2023-02-17 05:03:52.483,4606,40.35,50
2023-02-17 05:03:52.695,4607,40.35,50
2023-02-17 05:03:52.903,4601,40.35,50
2023-02-17 05:03:53.112,4608,40.35,50
2023-02-17 05:03:53.319,4611,40.35,50
2023-02-17 05:03:53.536,4584,40.35,50
2023-02-17 05:03:53.751,4581,40.35,50
2023-02-17 05:03:53.911,4577,40.35,50
2023-02-17 05:03:54.117,4579,40.35,50
2023-02-17 05:03:54.328,4561,40.35,50
2023-02-17 05:03:54.534,4548,40.35,50
2023-02-17 05:03:54.744,4535,40.35,50
2023-02-17 05:03:54.951,4557,40.35,50
2023-02-17 05:03:55.161,4540,40.35,50
2023-02-17 05:03:55.369,4562,40.35,50
2023-02-17 05:03:55.572,4554,40.35,50
2023-02-17 05:03:55.784,4569,40.35,50
2023-02-17 05:03:55.992,4567,40.35,50
2023-02-17 05:03:56.200,4574,40.35,50
2023-02-17 05:03:56.407,4566,40.35,50
2023-02-17 05:03:56.613,4544,40.35,50
2023-02-17 05:03:56.825,4539,40.35,50
2023-02-17 05:03:57.033,4542,40.35,50
2023-02-17 05:03:57.244,4523,40.35,50
2023-02-17 05:03:57.463,4526,40.35,50
2023-02-17 05:03:57.671,4541,40.35,50
2023-02-17 05:03:57.842,4537,40.35,50
2023-02-17 05:03:58.042,4543,40.35,50
2023-02-17 05:03:58.249,4528,40.35,50
2023-02-17 05:03:58.457,4535,40.35,50
2023-02-17 05:03:58.666,4529,40.35,50
2023-02-17 05:03:58.873,4553,40.35,50
2023-02-17 05:03:59.082,4566,40.35,50
2023-02-17 05:03:59.289,4542,40.35,50
2023-02-17 05:03:59.497,4539,40.35,50
2023-02-17 05:03:59.706,4540,40.35,50
2023-02-17 05:03:59.913,4544,40.35,50
2023-02-17 05:04:00.116,4558,40.35,50
2023-02-17 05:04:00.329,4571,40.35,50
2023-02-17 05:04:00.538,4557,40.35,50
2023-02-17 05:04:00.745,4555,40.35,50
2023-02-17 05:04:00.948,4584,40.35,50
2023-02-17 05:04:01.165,4569,40.35,50
2023-02-17 05:04:01.383,4596,40.35,50
2023-02-17 05:04:01.594,4609,40.35,50
2023-02-17 05:04:01.802,4600,40.35,50
2023-02-17 05:04:01.969,4586,40.35,50
2023-02-17 05:04:02.183,4590,40.32,50
2023-02-17 05:04:02.377,4591,40.32,50
2023-02-17 05:04:02.584,4584,40.32,50
2023-02-17 05:04:02.791,4587,40.32,50
2023-02-17 05:04:03.000,4590,40.32,50
2023-02-17 05:04:03.211,4586,40.32,50
2023-02-17 05:04:03.419,4566,40.32,50
2023-02-17 05:04:03.625,4582,40.32,50
2023-02-17 05:04:03.836,4602,40.32,50
2023-02-17 05:04:04.042,4577,40.32,50
2023-02-17 05:04:04.251,4585,40.32,50
2023-02-17 05:04:04.460,4555,40.32,50
2023-02-17 05:04:04.683,4548,40.32,50
2023-02-17 05:04:04.890,4535,40.32,50
2023-02-17 05:04:05.097,4532,40.32,50
2023-02-17 05:04:05.302,4546,40.32,50
2023-02-17 05:04:05.531,4543,40.32,50
2023-02-17 05:04:05.721,4565,40.32,50
2023-02-17 05:04:05.900,4565,40.32,50
2023-02-17 05:04:06.099,4583,40.32,50
2023-02-17 05:04:06.294,4579,40.32,50
2023-02-17 05:04:06.503,4576,40.32,50
2023-02-17 05:04:06.715,4564,40.32,50
2023-02-17 05:04:06.923,4557,40.32,50
2023-02-17 05:04:07.132,4554,40.32,50
2023-02-17 05:04:07.338,4558,40.32,50
2023-02-17 05:04:07.547,4551,40.32,50
2023-02-17 05:04:07.755,4531,40.32,50
2023-02-17 05:04:07.964,4544,40.32,50
2023-02-17 05:04:08.172,4538,40.32,50
2023-02-17 05:04:08.379,4534,40.32,50
2023-02-17 05:04:08.584,4568,40.32,50
2023-02-17 05:04:08.796,4570,40.32,50
2023-02-17 05:04:09.016,4578,40.32,50
2023-02-17 05:04:09.229,4541,40.32,50
2023-02-17 05:04:09.437,4553,40.32,50
2023-02-17 05:04:09.643,4549,40.32,50
2023-02-17 05:04:09.821,4553,40.32,50
2023-02-17 05:04:10.028,4543,40.32,50
2023-02-17 05:04:10.231,4548,40.32,50
2023-02-17 05:04:10.432,4570,40.32,50
2023-02-17 05:04:10.634,4582,40.32,50
2023-02-17 05:04:10.845,4576,40.32,50
2023-02-17 05:04:11.054,4595,40.32,50
2023-02-17 05:04:11.262,4591,40.32,50
2023-02-17 05:04:11.470,4609,40.32,50
2023-02-17 05:04:11.676,4615,40.32,50
2023-02-17 05:04:11.887,4599,40.32,50
2023-02-17 05:04:12.094,4622,40.29,50
2023-02-17 05:04:12.301,4628,40.29,50
2023-02-17 05:04:12.509,4616,40.29,50
2023-02-17 05:04:12.715,4593,40.29,50
2023-02-17 05:04:12.934,4610,40.29,50
2023-02-17 05:04:13.151,4592,40.29,50
2023-02-17 05:04:13.359,4586,40.29,50
2023-02-17 05:04:13.566,4571,40.29,50
2023-02-17 05:04:13.775,4550,40.29,50
2023-02-17 05:04:13.951,4574,40.29,50
2023-02-17 05:04:14.159,4567,40.29,50
2023-02-17 05:04:14.358,4575,40.29,50
2023-02-17 05:04:14.558,4579,40.29,50
2023-02-17 05:04:14.762,4576,40.32,50
2023-02-17 05:04:14.975,4585,40.29,50
2023-02-17 05:04:15.183,4594,40.29,50
2023-02-17 05:04:15.390,4609,40.29,50
2023-02-17 05:04:15.597,4607,40.29,50
2023-02-17 05:04:15.805,4601,40.29,50
2023-02-17 05:04:16.015,4617,40.29,50
2023-02-17 05:04:16.222,4654,40.29,50
2023-02-17 05:04:16.430,4672,40.29,50
2023-02-17 05:04:16.638,4672,40.29,50
2023-02-17 05:04:16.855,4712,40.29,50
2023-02-17 05:04:17.071,4694,40.29,50
2023-02-17 05:04:17.279,4687,40.29,50
2023-02-17 05:04:17.488,4683,40.29,50
2023-02-17 05:04:17.697,4667,40.29,50
2023-02-17 05:04:17.870,4648,40.29,50
